ISO-10303-21;
HEADER;
FILE_DESCRIPTION(('zoo.dev export'), '2;1');
FILE_NAME('output.step', '2026-04-13T01:58:09.183666590+00:00', (''), (''), 'zoo.dev beta', 'zoo.dev', '');
FILE_SCHEMA(('AP203_CONFIGURATION_CONTROLLED_3D_DESIGN_OF_MECHANICAL_PARTS_AND_ASSEMBLIES_MIM_LF'));
ENDSEC;
DATA;
#1 = (
  LENGTH_UNIT()
  NAMED_UNIT(*)
  SI_UNIT(.MILLI., .METRE.)
);
#2 = (
  NAMED_UNIT(*)
  PLANE_ANGLE_UNIT()
  SI_UNIT($, .RADIAN.)
);
#3 = UNCERTAINTY_MEASURE_WITH_UNIT(LENGTH_MEASURE(0.01), #1, 'DISTANCE_ACCURACY_VALUE', $);
#4 = (
  GEOMETRIC_REPRESENTATION_CONTEXT(3)
  GLOBAL_UNCERTAINTY_ASSIGNED_CONTEXT((#3))
  GLOBAL_UNIT_ASSIGNED_CONTEXT((#1, #2))
  REPRESENTATION_CONTEXT('3D', '3D context')
);
#5 = CARTESIAN_POINT('', (-70., -68.5, 170.5));
#6 = VERTEX_POINT('', #5);
#7 = CARTESIAN_POINT('', (-70., 68.5, 170.5));
#8 = VERTEX_POINT('', #7);
#9 = CARTESIAN_POINT('', (-68.5, -68.5, 172.));
#10 = VERTEX_POINT('', #9);
#11 = CARTESIAN_POINT('', (-68.5, -70., 170.5));
#12 = VERTEX_POINT('', #11);
#13 = CARTESIAN_POINT('', (-69.56066017, -69.56066017, 171.56066017));
#14 = VERTEX_POINT('', #13);
#15 = CARTESIAN_POINT('', (68.5, -70., 170.5));
#16 = VERTEX_POINT('', #15);
#17 = CARTESIAN_POINT('', (68.5, -68.5, 172.));
#18 = VERTEX_POINT('', #17);
#19 = CARTESIAN_POINT('', (70., -68.5, 170.5));
#20 = VERTEX_POINT('', #19);
#21 = CARTESIAN_POINT('', (69.56066017, -69.56066017, 171.56066017));
#22 = VERTEX_POINT('', #21);
#23 = CARTESIAN_POINT('', (70., 68.5, 170.5));
#24 = VERTEX_POINT('', #23);
#25 = CARTESIAN_POINT('', (-68.5, 70., 170.5));
#26 = VERTEX_POINT('', #25);
#27 = CARTESIAN_POINT('', (-69.56066017, 69.56066017, 171.56066017));
#28 = VERTEX_POINT('', #27);
#29 = CARTESIAN_POINT('', (69.56066017, 69.56066017, 171.56066017));
#30 = VERTEX_POINT('', #29);
#31 = CARTESIAN_POINT('', (68.5, 70., 170.5));
#32 = VERTEX_POINT('', #31);
#33 = CARTESIAN_POINT('', (-68.5, 68.5, 172.));
#34 = VERTEX_POINT('', #33);
#35 = CARTESIAN_POINT('', (68.5, 68.5, 172.));
#36 = VERTEX_POINT('', #35);
#37 = CARTESIAN_POINT('', (-70., 68.5, 1.5));
#38 = VERTEX_POINT('', #37);
#39 = CARTESIAN_POINT('', (-70., -68.5, 1.5));
#40 = VERTEX_POINT('', #39);
#41 = CARTESIAN_POINT('', (-68.5, -68.5, 0.));
#42 = VERTEX_POINT('', #41);
#43 = CARTESIAN_POINT('', (-68.5, -70., 1.5));
#44 = VERTEX_POINT('', #43);
#45 = CARTESIAN_POINT('', (-69.56066017, -69.56066017, 0.43933983));
#46 = VERTEX_POINT('', #45);
#47 = CARTESIAN_POINT('', (68.5, -70., 1.5));
#48 = VERTEX_POINT('', #47);
#49 = CARTESIAN_POINT('', (68.5, -68.5, 0.));
#50 = VERTEX_POINT('', #49);
#51 = CARTESIAN_POINT('', (70., -68.5, 1.5));
#52 = VERTEX_POINT('', #51);
#53 = CARTESIAN_POINT('', (69.56066017, -69.56066017, 0.43933983));
#54 = VERTEX_POINT('', #53);
#55 = CARTESIAN_POINT('', (70., 68.5, 1.5));
#56 = VERTEX_POINT('', #55);
#57 = CARTESIAN_POINT('', (-68.5, 70., 1.5));
#58 = VERTEX_POINT('', #57);
#59 = CARTESIAN_POINT('', (-69.56066017, 69.56066017, 0.43933983));
#60 = VERTEX_POINT('', #59);
#61 = CARTESIAN_POINT('', (68.5, 70., 1.5));
#62 = VERTEX_POINT('', #61);
#63 = CARTESIAN_POINT('', (69.56066017, 69.56066017, 0.43933983));
#64 = VERTEX_POINT('', #63);
#65 = CARTESIAN_POINT('', (-68.5, 68.5, 0.));
#66 = VERTEX_POINT('', #65);
#67 = CARTESIAN_POINT('', (68.5, 68.5, 0.));
#68 = VERTEX_POINT('', #67);
#69 = CARTESIAN_POINT('', (67., -67., 3.));
#70 = VERTEX_POINT('', #69);
#71 = CARTESIAN_POINT('', (67., 67., 3.));
#72 = VERTEX_POINT('', #71);
#73 = CARTESIAN_POINT('', (67., 67., 172.));
#74 = VERTEX_POINT('', #73);
#75 = CARTESIAN_POINT('', (67., -67., 172.));
#76 = VERTEX_POINT('', #75);
#77 = CARTESIAN_POINT('', (-67., 67., 3.));
#78 = VERTEX_POINT('', #77);
#79 = CARTESIAN_POINT('', (-67., 67., 172.));
#80 = VERTEX_POINT('', #79);
#81 = CARTESIAN_POINT('', (-67., -67., 3.));
#82 = VERTEX_POINT('', #81);
#83 = CARTESIAN_POINT('', (-67., -67., 172.));
#84 = VERTEX_POINT('', #83);
#85 = CARTESIAN_POINT('', (67., -67., 13.));
#86 = VERTEX_POINT('', #85);
#87 = CARTESIAN_POINT('', (67., 67., 13.));
#88 = VERTEX_POINT('', #87);
#89 = CARTESIAN_POINT('', (67., 67., 16.));
#90 = VERTEX_POINT('', #89);
#91 = CARTESIAN_POINT('', (67., -67., 16.));
#92 = VERTEX_POINT('', #91);
#93 = CARTESIAN_POINT('', (-67., 67., 13.));
#94 = VERTEX_POINT('', #93);
#95 = CARTESIAN_POINT('', (-67., 67., 16.));
#96 = VERTEX_POINT('', #95);
#97 = CARTESIAN_POINT('', (-67., -67., 13.));
#98 = VERTEX_POINT('', #97);
#99 = CARTESIAN_POINT('', (-67., -67., 16.));
#100 = VERTEX_POINT('', #99);
#101 = CARTESIAN_POINT('', (-1.5, 7.84, 13.));
#102 = VERTEX_POINT('', #101);
#103 = CARTESIAN_POINT('', (-1.5, 28.16, 13.));
#104 = VERTEX_POINT('', #103);
#105 = CARTESIAN_POINT('', (-1.5, 28.16, 16.));
#106 = VERTEX_POINT('', #105);
#107 = CARTESIAN_POINT('', (-1.5, 7.84, 16.));
#108 = VERTEX_POINT('', #107);
#109 = CARTESIAN_POINT('', (-33.885, 28.16, 13.));
#110 = VERTEX_POINT('', #109);
#111 = CARTESIAN_POINT('', (-33.885, 28.16, 16.));
#112 = VERTEX_POINT('', #111);
#113 = CARTESIAN_POINT('', (-33.885, 7.84, 13.));
#114 = VERTEX_POINT('', #113);
#115 = CARTESIAN_POINT('', (-33.885, 7.84, 16.));
#116 = VERTEX_POINT('', #115);
#117 = CARTESIAN_POINT('', (33.885, 7.84, 13.));
#118 = VERTEX_POINT('', #117);
#119 = CARTESIAN_POINT('', (33.885, 28.16, 13.));
#120 = VERTEX_POINT('', #119);
#121 = CARTESIAN_POINT('', (33.885, 28.16, 16.));
#122 = VERTEX_POINT('', #121);
#123 = CARTESIAN_POINT('', (33.885, 7.84, 16.));
#124 = VERTEX_POINT('', #123);
#125 = CARTESIAN_POINT('', (1.5, 28.16, 13.));
#126 = VERTEX_POINT('', #125);
#127 = CARTESIAN_POINT('', (1.5, 28.16, 16.));
#128 = VERTEX_POINT('', #127);
#129 = CARTESIAN_POINT('', (1.5, 7.84, 13.));
#130 = VERTEX_POINT('', #129);
#131 = CARTESIAN_POINT('', (1.5, 7.84, 16.));
#132 = VERTEX_POINT('', #131);
#133 = CARTESIAN_POINT('', (-13., -27., 13.));
#134 = VERTEX_POINT('', #133);
#135 = CARTESIAN_POINT('', (-13., -13., 13.));
#136 = VERTEX_POINT('', #135);
#137 = CARTESIAN_POINT('', (-13., -13., 16.));
#138 = VERTEX_POINT('', #137);
#139 = CARTESIAN_POINT('', (-13., -27., 16.));
#140 = VERTEX_POINT('', #139);
#141 = CARTESIAN_POINT('', (-31., -13., 13.));
#142 = VERTEX_POINT('', #141);
#143 = CARTESIAN_POINT('', (-31., -13., 16.));
#144 = VERTEX_POINT('', #143);
#145 = CARTESIAN_POINT('', (-31., -27., 13.));
#146 = VERTEX_POINT('', #145);
#147 = CARTESIAN_POINT('', (-31., -27., 16.));
#148 = VERTEX_POINT('', #147);
#149 = CARTESIAN_POINT('', (28.5, -25.25, 13.));
#150 = VERTEX_POINT('', #149);
#151 = CARTESIAN_POINT('', (28.5, -14.75, 13.));
#152 = VERTEX_POINT('', #151);
#153 = CARTESIAN_POINT('', (28.5, -14.75, 16.));
#154 = VERTEX_POINT('', #153);
#155 = CARTESIAN_POINT('', (28.5, -25.25, 16.));
#156 = VERTEX_POINT('', #155);
#157 = CARTESIAN_POINT('', (15.5, -14.75, 13.));
#158 = VERTEX_POINT('', #157);
#159 = CARTESIAN_POINT('', (15.5, -14.75, 16.));
#160 = VERTEX_POINT('', #159);
#161 = CARTESIAN_POINT('', (15.5, -25.25, 13.));
#162 = VERTEX_POINT('', #161);
#163 = CARTESIAN_POINT('', (15.5, -25.25, 16.));
#164 = VERTEX_POINT('', #163);
#165 = CARTESIAN_POINT('', (10., -67.5, 16.));
#166 = VERTEX_POINT('', #165);
#167 = CARTESIAN_POINT('', (10., -67.5, 24.));
#168 = VERTEX_POINT('', #167);
#169 = CARTESIAN_POINT('', (-10., -67.5, 24.));
#170 = VERTEX_POINT('', #169);
#171 = CARTESIAN_POINT('', (-10., -67.5, 16.));
#172 = VERTEX_POINT('', #171);
#173 = CARTESIAN_POINT('', (10., -70., 16.));
#174 = VERTEX_POINT('', #173);
#175 = CARTESIAN_POINT('', (10., -70., 24.));
#176 = VERTEX_POINT('', #175);
#177 = CARTESIAN_POINT('', (-10., -70., 24.));
#178 = VERTEX_POINT('', #177);
#179 = CARTESIAN_POINT('', (-10., -70., 16.));
#180 = VERTEX_POINT('', #179);
#181 = CARTESIAN_POINT('', (70., 60., 26.));
#182 = VERTEX_POINT('', #181);
#183 = CARTESIAN_POINT('', (70., 60., 146.));
#184 = VERTEX_POINT('', #183);
#185 = CARTESIAN_POINT('', (73., 60., 146.));
#186 = VERTEX_POINT('', #185);
#187 = CARTESIAN_POINT('', (73., 60., 26.));
#188 = VERTEX_POINT('', #187);
#189 = CARTESIAN_POINT('', (70., -60., 146.));
#190 = VERTEX_POINT('', #189);
#191 = CARTESIAN_POINT('', (73., -60., 146.));
#192 = VERTEX_POINT('', #191);
#193 = CARTESIAN_POINT('', (70., -60., 26.));
#194 = VERTEX_POINT('', #193);
#195 = CARTESIAN_POINT('', (73., -60., 26.));
#196 = VERTEX_POINT('', #195);
#197 = CARTESIAN_POINT('', (-73., 60., 26.));
#198 = VERTEX_POINT('', #197);
#199 = CARTESIAN_POINT('', (-73., 60., 146.));
#200 = VERTEX_POINT('', #199);
#201 = CARTESIAN_POINT('', (-70., 60., 146.));
#202 = VERTEX_POINT('', #201);
#203 = CARTESIAN_POINT('', (-70., 60., 26.));
#204 = VERTEX_POINT('', #203);
#205 = CARTESIAN_POINT('', (-73., -60., 146.));
#206 = VERTEX_POINT('', #205);
#207 = CARTESIAN_POINT('', (-70., -60., 146.));
#208 = VERTEX_POINT('', #207);
#209 = CARTESIAN_POINT('', (-73., -60., 26.));
#210 = VERTEX_POINT('', #209);
#211 = CARTESIAN_POINT('', (-70., -60., 26.));
#212 = VERTEX_POINT('', #211);
#213 = CARTESIAN_POINT('', (67., 58., 86.));
#214 = VERTEX_POINT('', #213);
#215 = CARTESIAN_POINT('', (67., -58., 86.));
#216 = VERTEX_POINT('', #215);
#217 = CARTESIAN_POINT('', (67., -0.00000001, 28.));
#218 = VERTEX_POINT('', #217);
#219 = CARTESIAN_POINT('', (67., 0., 144.));
#220 = VERTEX_POINT('', #219);
#221 = CARTESIAN_POINT('', (73., 58., 86.));
#222 = VERTEX_POINT('', #221);
#223 = CARTESIAN_POINT('', (73., -58., 86.));
#224 = VERTEX_POINT('', #223);
#225 = CARTESIAN_POINT('', (73., -0., 28.));
#226 = VERTEX_POINT('', #225);
#227 = CARTESIAN_POINT('', (73., 0., 144.));
#228 = VERTEX_POINT('', #227);
#229 = CARTESIAN_POINT('', (-67., 58., 86.));
#230 = VERTEX_POINT('', #229);
#231 = CARTESIAN_POINT('', (-67., -58., 86.));
#232 = VERTEX_POINT('', #231);
#233 = CARTESIAN_POINT('', (-67., 0.00000001, 28.));
#234 = VERTEX_POINT('', #233);
#235 = CARTESIAN_POINT('', (-67., -0., 144.));
#236 = VERTEX_POINT('', #235);
#237 = CARTESIAN_POINT('', (-73., 58., 86.));
#238 = VERTEX_POINT('', #237);
#239 = CARTESIAN_POINT('', (-73., -58., 86.));
#240 = VERTEX_POINT('', #239);
#241 = CARTESIAN_POINT('', (-73., -0., 28.));
#242 = VERTEX_POINT('', #241);
#243 = CARTESIAN_POINT('', (-73., 0., 144.));
#244 = VERTEX_POINT('', #243);
#245 = CARTESIAN_POINT('', (67., 54.5, 33.5));
#246 = VERTEX_POINT('', #245);
#247 = CARTESIAN_POINT('', (67., 50.5, 33.5));
#248 = VERTEX_POINT('', #247);
#249 = CARTESIAN_POINT('', (67., 52.5, 31.5));
#250 = VERTEX_POINT('', #249);
#251 = CARTESIAN_POINT('', (67., 52.5, 35.5));
#252 = VERTEX_POINT('', #251);
#253 = CARTESIAN_POINT('', (73., 54.5, 33.5));
#254 = VERTEX_POINT('', #253);
#255 = CARTESIAN_POINT('', (73., 50.5, 33.5));
#256 = VERTEX_POINT('', #255);
#257 = CARTESIAN_POINT('', (73., 52.5, 31.5));
#258 = VERTEX_POINT('', #257);
#259 = CARTESIAN_POINT('', (73., 52.5, 35.5));
#260 = VERTEX_POINT('', #259);
#261 = CARTESIAN_POINT('', (-67., 54.5, 33.5));
#262 = VERTEX_POINT('', #261);
#263 = CARTESIAN_POINT('', (-67., 50.5, 33.5));
#264 = VERTEX_POINT('', #263);
#265 = CARTESIAN_POINT('', (-67., 52.5, 31.5));
#266 = VERTEX_POINT('', #265);
#267 = CARTESIAN_POINT('', (-67., 52.49999997, 35.5));
#268 = VERTEX_POINT('', #267);
#269 = CARTESIAN_POINT('', (-73., 54.5, 33.5));
#270 = VERTEX_POINT('', #269);
#271 = CARTESIAN_POINT('', (-73., 50.5, 33.5));
#272 = VERTEX_POINT('', #271);
#273 = CARTESIAN_POINT('', (-73., 52.5, 31.5));
#274 = VERTEX_POINT('', #273);
#275 = CARTESIAN_POINT('', (-73., 52.5, 35.5));
#276 = VERTEX_POINT('', #275);
#277 = CARTESIAN_POINT('', (67., -67., 166.4));
#278 = VERTEX_POINT('', #277);
#279 = CARTESIAN_POINT('', (67., 67., 166.4));
#280 = VERTEX_POINT('', #279);
#281 = CARTESIAN_POINT('', (67., 67., 167.6));
#282 = VERTEX_POINT('', #281);
#283 = CARTESIAN_POINT('', (67., -67., 167.6));
#284 = VERTEX_POINT('', #283);
#285 = CARTESIAN_POINT('', (-67., 67., 166.4));
#286 = VERTEX_POINT('', #285);
#287 = CARTESIAN_POINT('', (-67., 67., 167.6));
#288 = VERTEX_POINT('', #287);
#289 = CARTESIAN_POINT('', (-67., -67., 166.4));
#290 = VERTEX_POINT('', #289);
#291 = CARTESIAN_POINT('', (-67., -67., 167.6));
#292 = VERTEX_POINT('', #291);
#293 = CARTESIAN_POINT('', (65.8, -65.8, 166.4));
#294 = VERTEX_POINT('', #293);
#295 = CARTESIAN_POINT('', (65.8, 65.8, 166.4));
#296 = VERTEX_POINT('', #295);
#297 = CARTESIAN_POINT('', (-65.8, 65.8, 166.4));
#298 = VERTEX_POINT('', #297);
#299 = CARTESIAN_POINT('', (-65.8, -65.8, 166.4));
#300 = VERTEX_POINT('', #299);
#301 = CARTESIAN_POINT('', (65.8, -65.8, 167.6));
#302 = VERTEX_POINT('', #301);
#303 = CARTESIAN_POINT('', (65.8, 65.8, 167.6));
#304 = VERTEX_POINT('', #303);
#305 = CARTESIAN_POINT('', (-65.8, 65.8, 167.6));
#306 = VERTEX_POINT('', #305);
#307 = CARTESIAN_POINT('', (-65.8, -65.8, 167.6));
#308 = VERTEX_POINT('', #307);
#309 = CARTESIAN_POINT('', (70., -70., 172.));
#310 = VERTEX_POINT('', #309);
#311 = CARTESIAN_POINT('', (70., 70., 172.));
#312 = VERTEX_POINT('', #311);
#313 = CARTESIAN_POINT('', (70., 70., 175.));
#314 = VERTEX_POINT('', #313);
#315 = CARTESIAN_POINT('', (70., -70., 175.));
#316 = VERTEX_POINT('', #315);
#317 = CARTESIAN_POINT('', (-70., 70., 172.));
#318 = VERTEX_POINT('', #317);
#319 = CARTESIAN_POINT('', (-70., 70., 175.));
#320 = VERTEX_POINT('', #319);
#321 = CARTESIAN_POINT('', (-70., -70., 172.));
#322 = VERTEX_POINT('', #321);
#323 = CARTESIAN_POINT('', (-70., -70., 175.));
#324 = VERTEX_POINT('', #323);
#325 = CARTESIAN_POINT('', (66.65, -66.65, 170.));
#326 = VERTEX_POINT('', #325);
#327 = CARTESIAN_POINT('', (66.65, 66.65, 170.));
#328 = VERTEX_POINT('', #327);
#329 = CARTESIAN_POINT('', (66.65, 66.65, 172.));
#330 = VERTEX_POINT('', #329);
#331 = CARTESIAN_POINT('', (66.65, -66.65, 172.));
#332 = VERTEX_POINT('', #331);
#333 = CARTESIAN_POINT('', (-66.65, 66.65, 170.));
#334 = VERTEX_POINT('', #333);
#335 = CARTESIAN_POINT('', (-66.65, 66.65, 172.));
#336 = VERTEX_POINT('', #335);
#337 = CARTESIAN_POINT('', (-66.65, -66.65, 170.));
#338 = VERTEX_POINT('', #337);
#339 = CARTESIAN_POINT('', (-66.65, -66.65, 172.));
#340 = VERTEX_POINT('', #339);
#341 = CARTESIAN_POINT('', (64.65, 64.65, 172.));
#342 = VERTEX_POINT('', #341);
#343 = CARTESIAN_POINT('', (64.65, -64.65, 172.));
#344 = VERTEX_POINT('', #343);
#345 = CARTESIAN_POINT('', (-64.65, 64.65, 172.));
#346 = VERTEX_POINT('', #345);
#347 = CARTESIAN_POINT('', (-64.65, -64.65, 172.));
#348 = VERTEX_POINT('', #347);
#349 = CARTESIAN_POINT('', (64.65, -64.65, 170.));
#350 = VERTEX_POINT('', #349);
#351 = CARTESIAN_POINT('', (64.65, 64.65, 170.));
#352 = VERTEX_POINT('', #351);
#353 = CARTESIAN_POINT('', (-64.65, 64.65, 170.));
#354 = VERTEX_POINT('', #353);
#355 = CARTESIAN_POINT('', (-64.65, -64.65, 170.));
#356 = VERTEX_POINT('', #355);
#357 = CARTESIAN_POINT('', (66.65, 4., 166.6));
#358 = VERTEX_POINT('', #357);
#359 = CARTESIAN_POINT('', (66.65, 4., 169.6));
#360 = VERTEX_POINT('', #359);
#361 = CARTESIAN_POINT('', (67.45, 4., 169.6));
#362 = VERTEX_POINT('', #361);
#363 = CARTESIAN_POINT('', (67.45, 4., 166.6));
#364 = VERTEX_POINT('', #363);
#365 = CARTESIAN_POINT('', (66.65, -4., 169.6));
#366 = VERTEX_POINT('', #365);
#367 = CARTESIAN_POINT('', (67.45, -4., 169.6));
#368 = VERTEX_POINT('', #367);
#369 = CARTESIAN_POINT('', (66.65, -4., 166.6));
#370 = VERTEX_POINT('', #369);
#371 = CARTESIAN_POINT('', (67.45, -4., 166.6));
#372 = VERTEX_POINT('', #371);
#373 = CARTESIAN_POINT('', (-67.45, 4., 166.6));
#374 = VERTEX_POINT('', #373);
#375 = CARTESIAN_POINT('', (-67.45, 4., 169.6));
#376 = VERTEX_POINT('', #375);
#377 = CARTESIAN_POINT('', (-66.65, 4., 169.6));
#378 = VERTEX_POINT('', #377);
#379 = CARTESIAN_POINT('', (-66.65, 4., 166.6));
#380 = VERTEX_POINT('', #379);
#381 = CARTESIAN_POINT('', (-67.45, -4., 169.6));
#382 = VERTEX_POINT('', #381);
#383 = CARTESIAN_POINT('', (-66.65, -4., 169.6));
#384 = VERTEX_POINT('', #383);
#385 = CARTESIAN_POINT('', (-67.45, -4., 166.6));
#386 = VERTEX_POINT('', #385);
#387 = CARTESIAN_POINT('', (-66.65, -4., 166.6));
#388 = VERTEX_POINT('', #387);
#389 = CARTESIAN_POINT('', (4., 66.65, 166.6));
#390 = VERTEX_POINT('', #389);
#391 = CARTESIAN_POINT('', (4., 66.65, 169.6));
#392 = VERTEX_POINT('', #391);
#393 = CARTESIAN_POINT('', (4., 65.85, 169.6));
#394 = VERTEX_POINT('', #393);
#395 = CARTESIAN_POINT('', (4., 65.85, 166.6));
#396 = VERTEX_POINT('', #395);
#397 = CARTESIAN_POINT('', (-4., 66.65, 169.6));
#398 = VERTEX_POINT('', #397);
#399 = CARTESIAN_POINT('', (-4., 65.85, 169.6));
#400 = VERTEX_POINT('', #399);
#401 = CARTESIAN_POINT('', (-4., 66.65, 166.6));
#402 = VERTEX_POINT('', #401);
#403 = CARTESIAN_POINT('', (-4., 65.85, 166.6));
#404 = VERTEX_POINT('', #403);
#405 = CARTESIAN_POINT('', (4., -65.85, 166.6));
#406 = VERTEX_POINT('', #405);
#407 = CARTESIAN_POINT('', (4., -65.85, 169.6));
#408 = VERTEX_POINT('', #407);
#409 = CARTESIAN_POINT('', (4., -66.65, 169.6));
#410 = VERTEX_POINT('', #409);
#411 = CARTESIAN_POINT('', (4., -66.65, 166.6));
#412 = VERTEX_POINT('', #411);
#413 = CARTESIAN_POINT('', (-4., -65.85, 169.6));
#414 = VERTEX_POINT('', #413);
#415 = CARTESIAN_POINT('', (-4., -66.65, 169.6));
#416 = VERTEX_POINT('', #415);
#417 = CARTESIAN_POINT('', (-4., -65.85, 166.6));
#418 = VERTEX_POINT('', #417);
#419 = CARTESIAN_POINT('', (-4., -66.65, 166.6));
#420 = VERTEX_POINT('', #419);
#421 = DIRECTION('', (0., 1., 0.));
#422 = VECTOR('', #421, 1.);
#423 = CARTESIAN_POINT('', (-70., -68.5, 170.5));
#424 = LINE('', #423, #422);
#425 = DIRECTION('', (1., -0., 0.));
#426 = VECTOR('', #425, 1.);
#427 = CARTESIAN_POINT('', (-68.5, -68.5, 172.));
#428 = LINE('', #427, #426);
#429 = CARTESIAN_POINT('', (-68.5, -70., 170.5));
#430 = CARTESIAN_POINT('', (-68.51337476, -69.99999999, 170.51337476));
#431 = CARTESIAN_POINT('', (-68.53346043, -69.99973138, 170.53346043));
#432 = CARTESIAN_POINT('', (-68.56026759, -69.99883401, 170.56026759));
#433 = CARTESIAN_POINT('', (-68.58044224, -69.99788698, 170.58044224));
#434 = CARTESIAN_POINT('', (-68.60066096, -69.99666447, 170.60066096));
#435 = CARTESIAN_POINT('', (-68.62092163, -69.99516419, 170.62092163));
#436 = CARTESIAN_POINT('', (-68.641224, -69.99338364, 170.641224));
#437 = CARTESIAN_POINT('', (-68.66155863, -69.99132105, 170.66155863));
#438 = CARTESIAN_POINT('', (-68.68189303, -69.98897775, 170.68189303));
#439 = CARTESIAN_POINT('', (-68.7021793, -69.98635889, 170.7021793));
#440 = CARTESIAN_POINT('', (-68.72238572, -69.98346995, 170.72238572));
#441 = CARTESIAN_POINT('', (-68.74251408, -69.9803125, 170.74251408));
#442 = CARTESIAN_POINT('', (-68.76257948, -69.97688527, 170.76257948));
#443 = CARTESIAN_POINT('', (-68.78258849, -69.9731876, 170.78258849));
#444 = CARTESIAN_POINT('', (-68.80254596, -69.96921882, 170.80254596));
#445 = CARTESIAN_POINT('', (-68.82247138, -69.96497467, 170.82247138));
#446 = CARTESIAN_POINT('', (-68.84239142, -69.96044777, 170.84239142));
#447 = CARTESIAN_POINT('', (-68.86232005, -69.95563211, 170.86232005));
#448 = CARTESIAN_POINT('', (-68.8822557, -69.95052483, 170.8822557));
#449 = CARTESIAN_POINT('', (-68.90219202, -69.94512432, 170.90219202));
#450 = CARTESIAN_POINT('', (-68.92212354, -69.93942887, 170.92212354));
#451 = CARTESIAN_POINT('', (-68.94203788, -69.93343891, 170.94203788));
#452 = CARTESIAN_POINT('', (-68.96190967, -69.92715959, 170.96190967));
#453 = CARTESIAN_POINT('', (-68.98170881, -69.92059905, 170.98170881));
#454 = CARTESIAN_POINT('', (-69.00141805, -69.9137627, 171.00141805));
#455 = CARTESIAN_POINT('', (-69.02103921, -69.90664972, 171.02103921));
#456 = CARTESIAN_POINT('', (-69.04057956, -69.89925674, 171.04057956));
#457 = CARTESIAN_POINT('', (-69.06004099, -69.89158189, 171.06004099));
#458 = CARTESIAN_POINT('', (-69.07942631, -69.8836227, 171.07942631));
#459 = CARTESIAN_POINT('', (-69.09874874, -69.87537178, 171.09874874));
#460 = CARTESIAN_POINT('', (-69.11802531, -69.86681879, 171.11802531));
#461 = CARTESIAN_POINT('', (-69.13726358, -69.85795632, 171.13726358));
#462 = CARTESIAN_POINT('', (-69.15646028, -69.84878147, 171.15646028));
#463 = CARTESIAN_POINT('', (-69.17560868, -69.83929303, 171.17560868));
#464 = CARTESIAN_POINT('', (-69.19470214, -69.82948981, 171.19470214));
#465 = CARTESIAN_POINT('', (-69.21372949, -69.81937319, 171.21372949));
#466 = CARTESIAN_POINT('', (-69.23267218, -69.80894912, 171.23267218));
#467 = CARTESIAN_POINT('', (-69.25151027, -69.79822544, 171.25151027));
#468 = CARTESIAN_POINT('', (-69.27023303, -69.78720579, 171.27023303));
#469 = CARTESIAN_POINT('', (-69.2888418, -69.77588682, 171.2888418));
#470 = CARTESIAN_POINT('', (-69.30734083, -69.7642628, 171.30734083));
#471 = CARTESIAN_POINT('', (-69.32573004, -69.75233008, 171.32573004));
#472 = CARTESIAN_POINT('', (-69.34400838, -69.74008539, 171.34400838));
#473 = CARTESIAN_POINT('', (-69.36217954, -69.72752183, 171.36217954));
#474 = CARTESIAN_POINT('', (-69.3802488, -69.71463044, 171.3802488));
#475 = CARTESIAN_POINT('', (-69.39821607, -69.70140529, 171.39821607));
#476 = CARTESIAN_POINT('', (-69.41607533, -69.68784446, 171.41607533));
#477 = CARTESIAN_POINT('', (-69.43381825, -69.67394789, 171.43381825));
#478 = CARTESIAN_POINT('', (-69.45143576, -69.65971626, 171.45143576));
#479 = CARTESIAN_POINT('', (-69.46891725, -69.64515184, 171.46891725));
#480 = CARTESIAN_POINT('', (-69.48625153, -69.63025784, 171.48625153));
#481 = CARTESIAN_POINT('', (-69.50342975, -69.61503591, 171.50342975));
#482 = CARTESIAN_POINT('', (-69.52044702, -69.59948434, 171.52044702));
#483 = CARTESIAN_POINT('', (-69.53730211, -69.58359772, 171.53730211));
#484 = CARTESIAN_POINT('', (-69.5506769, -69.57059469, 171.5506769));
#485 = CARTESIAN_POINT('', (-69.5584329, -69.56288744, 171.5584329));
#486 = CARTESIAN_POINT('', (-69.56066017, -69.56066017, 171.56066017));
#487 = B_SPLINE_CURVE_WITH_KNOTS('', 3, (#429, #430, #431, #432, #433, #434, #435, #436, #437, #438, #439, #440, #441, #442, #443, #444, #445, #446, #447, #448, #449, #450, #451, #452, #453, #454, #455, #456, #457, #458, #459, #460, #461, #462, #463, #464, #465, #466, #467, #468, #469, #470, #471, #472, #473, #474, #475, #476, #477, #478, #479, #480, #481, #482, #483, #484, #485, #486), .UNSPECIFIED., .F., .F., (4, 1, 1, 1, 1, 1, 1, 1, 1, 1, 1, 1, 1, 1, 1, 1, 1, 1, 1, 1, 1, 1, 1, 1, 1, 1, 1, 1, 1, 1, 1, 1, 1, 1, 1, 1, 1, 1, 1, 1, 1, 1, 1, 1, 1, 1, 1, 1, 1, 1, 1, 1, 1, 1, 1, 4), (0., 0.01980516, 0.02974259, 0.03970634, 0.04969562, 0.05970921, 0.06974882, 0.07981649, 0.08989744, 0.09995915, 0.10998066, 0.11997099, 0.12994739, 0.13990879, 0.1498516, 0.15979051, 0.1697465, 0.17972696, 0.18972788, 0.19974701, 0.20978468, 0.21983826, 0.22989509, 0.23993574, 0.24995014, 0.25994485, 0.26992945, 0.27990236, 0.28986211, 0.2998198, 0.30979014, 0.31977803, 0.32978037, 0.33979529, 0.34982239, 0.35985883, 0.36989566, 0.37992065, 0.38992852, 0.39992469, 0.40991635, 0.41990325, 0.42988421, 0.4398651, 0.44985377, 0.45985226, 0.46985809, 0.47986962, 0.48988514, 0.4999011, 0.50991322, 0.51991884, 0.52991843, 0.53991474, 0.54991204, 0.55395136), .UNSPECIFIED.);
#488 = DIRECTION('', (-1., -0., 0.));
#489 = VECTOR('', #488, 1.);
#490 = CARTESIAN_POINT('', (68.5, -70., 170.5));
#491 = LINE('', #490, #489);
#492 = CARTESIAN_POINT('', (-68.5, -68.5, 172.));
#493 = CARTESIAN_POINT('', (-68.51349423, -68.51349423, 171.99999999));
#494 = CARTESIAN_POINT('', (-68.53372797, -68.53372797, 171.99972698));
#495 = CARTESIAN_POINT('', (-68.56067543, -68.56067543, 171.9988177));
#496 = CARTESIAN_POINT('', (-68.5808294, -68.5808294, 171.99786581));
#497 = CARTESIAN_POINT('', (-68.60093903, -68.60093903, 171.99664506));
#498 = CARTESIAN_POINT('', (-68.62103509, -68.62103509, 171.99515417));
#499 = CARTESIAN_POINT('', (-68.64115199, -68.64115199, 171.99338959));
#500 = CARTESIAN_POINT('', (-68.66130651, -68.66130651, 171.99134754));
#501 = CARTESIAN_POINT('', (-68.68375673, -68.68375673, 171.98876562));
#502 = CARTESIAN_POINT('', (-68.70849172, -68.70849172, 171.98552313));
#503 = CARTESIAN_POINT('', (-68.73549069, -68.73549069, 171.98148348));
#504 = CARTESIAN_POINT('', (-68.76021637, -68.76021637, 171.97732192));
#505 = CARTESIAN_POINT('', (-68.78263705, -68.78263705, 171.97317904));
#506 = CARTESIAN_POINT('', (-68.80273602, -68.80273602, 171.96918026));
#507 = CARTESIAN_POINT('', (-68.8227576, -68.8227576, 171.96491198));
#508 = CARTESIAN_POINT('', (-68.84271175, -68.84271175, 171.96037264));
#509 = CARTESIAN_POINT('', (-68.86260368, -68.86260368, 171.95556113));
#510 = CARTESIAN_POINT('', (-68.88244012, -68.88244012, 171.95047559));
#511 = CARTESIAN_POINT('', (-68.90223954, -68.90223954, 171.94511035));
#512 = CARTESIAN_POINT('', (-68.92423466, -68.92423466, 171.93882567));
#513 = CARTESIAN_POINT('', (-68.94842215, -68.94842215, 171.931493));
#514 = CARTESIAN_POINT('', (-68.97478109, -68.97478109, 171.92296869));
#515 = CARTESIAN_POINT('', (-68.99890703, -68.99890703, 171.91467022));
#516 = CARTESIAN_POINT('', (-69.02080568, -69.02080568, 171.90673685));
#517 = CARTESIAN_POINT('', (-69.04047047, -69.04047047, 171.89929958));
#518 = CARTESIAN_POINT('', (-69.06005232, -69.06005232, 171.89157794));
#519 = CARTESIAN_POINT('', (-69.07953544, -69.07953544, 171.88357746));
#520 = CARTESIAN_POINT('', (-69.09892487, -69.09892487, 171.87529538));
#521 = CARTESIAN_POINT('', (-69.11822962, -69.11822962, 171.86672644));
#522 = CARTESIAN_POINT('', (-69.1374492, -69.1374492, 171.85786895));
#523 = CARTESIAN_POINT('', (-69.1565818, -69.1565818, 171.84872182));
#524 = CARTESIAN_POINT('', (-69.1756373, -69.1756373, 171.83927797));
#525 = CARTESIAN_POINT('', (-69.19463176, -69.19463176, 171.829526));
#526 = CARTESIAN_POINT('', (-69.21357239, -69.21357239, 171.81945768));
#527 = CARTESIAN_POINT('', (-69.23245495, -69.23245495, 171.80907039));
#528 = CARTESIAN_POINT('', (-69.25127221, -69.25127221, 171.79836321));
#529 = CARTESIAN_POINT('', (-69.27001923, -69.27001923, 171.787334));
#530 = CARTESIAN_POINT('', (-69.28868775, -69.28868775, 171.77598255));
#531 = CARTESIAN_POINT('', (-69.30726015, -69.30726015, 171.76431483));
#532 = CARTESIAN_POINT('', (-69.32571449, -69.32571449, 171.75234073));
#533 = CARTESIAN_POINT('', (-69.34403843, -69.34403843, 171.74006519));
#534 = CARTESIAN_POINT('', (-69.36223483, -69.36223483, 171.72748311));
#535 = CARTESIAN_POINT('', (-69.38031067, -69.38031067, 171.71458559));
#536 = CARTESIAN_POINT('', (-69.39826601, -69.39826601, 171.70136779));
#537 = CARTESIAN_POINT('', (-69.41609666, -69.41609666, 171.68782772));
#538 = CARTESIAN_POINT('', (-69.43380214, -69.43380214, 171.67396037));
#539 = CARTESIAN_POINT('', (-69.45138466, -69.45138466, 171.65975791));
#540 = CARTESIAN_POINT('', (-69.46884231, -69.46884231, 171.64521509));
#541 = CARTESIAN_POINT('', (-69.48616782, -69.48616782, 171.63033085));
#542 = CARTESIAN_POINT('', (-69.50335209, -69.50335209, 171.61510591));
#543 = CARTESIAN_POINT('', (-69.52038622, -69.52038622, 171.59954096));
#544 = CARTESIAN_POINT('', (-69.5372611, -69.5372611, 171.58363717));
#545 = CARTESIAN_POINT('', (-69.5506566, -69.5506566, 171.57061474));
#546 = CARTESIAN_POINT('', (-69.55842541, -69.55842541, 171.56289493));
#547 = CARTESIAN_POINT('', (-69.56066017, -69.56066017, 171.56066017));
#548 = B_SPLINE_CURVE_WITH_KNOTS('', 3, (#492, #493, #494, #495, #496, #497, #498, #499, #500, #501, #502, #503, #504, #505, #506, #507, #508, #509, #510, #511, #512, #513, #514, #515, #516, #517, #518, #519, #520, #521, #522, #523, #524, #525, #526, #527, #528, #529, #530, #531, #532, #533, #534, #535, #536, #537, #538, #539, #540, #541, #542, #543, #544, #545, #546, #547), .UNSPECIFIED., .F., .F., (4, 1, 1, 1, 1, 1, 1, 1, 1, 1, 1, 1, 1, 1, 1, 1, 1, 1, 1, 1, 1, 1, 1, 1, 1, 1, 1, 1, 1, 1, 1, 1, 1, 1, 1, 1, 1, 1, 1, 1, 1, 1, 1, 1, 1, 1, 1, 1, 1, 1, 1, 1, 1, 4), (0., 0.01998208, 0.02996185, 0.03991436, 0.04984212, 0.05976703, 0.06971291, 0.07968787, 0.08968773, 0.10306625, 0.1164715, 0.12988878, 0.13993744, 0.1499535, 0.15994379, 0.16991972, 0.17988081, 0.18982687, 0.19977164, 0.20973253, 0.22305462, 0.23640115, 0.24977002, 0.25982073, 0.26987494, 0.27991226, 0.28992292, 0.29991644, 0.30990445, 0.31988366, 0.3298491, 0.33981041, 0.34978279, 0.35977147, 0.36977279, 0.37978413, 0.38980611, 0.39983884, 0.40987455, 0.41989871, 0.42990411, 0.43989817, 0.44989133, 0.45988375, 0.46987196, 0.47985959, 0.48985335, 0.49985484, 0.50986132, 0.51987067, 0.52988143, 0.53989143, 0.54989824, 0.55395115), .UNSPECIFIED.);
#549 = CARTESIAN_POINT('', (-69.56066017, -69.56066017, 171.56066017));
#550 = CARTESIAN_POINT('', (-69.56289499, -69.55842536, 171.55842536));
#551 = CARTESIAN_POINT('', (-69.57061485, -69.55065649, 171.55065649));
#552 = CARTESIAN_POINT('', (-69.58363731, -69.53726095, 171.53726095));
#553 = CARTESIAN_POINT('', (-69.59954109, -69.52038609, 171.52038609));
#554 = CARTESIAN_POINT('', (-69.61510602, -69.50335196, 171.50335196));
#555 = CARTESIAN_POINT('', (-69.63033097, -69.48616769, 171.48616769));
#556 = CARTESIAN_POINT('', (-69.6452152, -69.46884218, 171.46884218));
#557 = CARTESIAN_POINT('', (-69.659758, -69.45138455, 171.45138455));
#558 = CARTESIAN_POINT('', (-69.67396043, -69.43380206, 171.43380206));
#559 = CARTESIAN_POINT('', (-69.68782783, -69.41609651, 171.41609651));
#560 = CARTESIAN_POINT('', (-69.70136808, -69.39826563, 171.39826563));
#561 = CARTESIAN_POINT('', (-69.71458611, -69.38030996, 171.38030996));
#562 = CARTESIAN_POINT('', (-69.72748371, -69.36223397, 171.36223397));
#563 = CARTESIAN_POINT('', (-69.74006566, -69.34403773, 171.34403773));
#564 = CARTESIAN_POINT('', (-69.75234098, -69.32571411, 171.32571411));
#565 = CARTESIAN_POINT('', (-69.76431495, -69.30725997, 171.30725997));
#566 = CARTESIAN_POINT('', (-69.77598265, -69.28868759, 171.28868759));
#567 = CARTESIAN_POINT('', (-69.78733413, -69.27001901, 171.27001901));
#568 = CARTESIAN_POINT('', (-69.79836334, -69.25127198, 171.25127198));
#569 = CARTESIAN_POINT('', (-69.80907051, -69.23245473, 171.23245473));
#570 = CARTESIAN_POINT('', (-69.8194578, -69.21357217, 171.21357217));
#571 = CARTESIAN_POINT('', (-69.82952609, -69.19463157, 171.19463157));
#572 = CARTESIAN_POINT('', (-69.83927804, -69.17563718, 171.17563718));
#573 = CARTESIAN_POINT('', (-69.84872196, -69.15658152, 171.15658152));
#574 = CARTESIAN_POINT('', (-69.85786937, -69.13744831, 171.13744831));
#575 = CARTESIAN_POINT('', (-69.86672721, -69.11822793, 171.11822793));
#576 = CARTESIAN_POINT('', (-69.87529623, -69.09892291, 171.09892291));
#577 = CARTESIAN_POINT('', (-69.88357803, -69.07953406, 171.07953406));
#578 = CARTESIAN_POINT('', (-69.89157813, -69.06005184, 171.06005184));
#579 = CARTESIAN_POINT('', (-69.89929957, -69.0404705, 171.0404705));
#580 = CARTESIAN_POINT('', (-69.90673686, -69.02080566, 171.02080566));
#581 = CARTESIAN_POINT('', (-69.9146703, -68.99890681, 170.99890681));
#582 = CARTESIAN_POINT('', (-69.92296879, -68.97478079, 170.97478079));
#583 = CARTESIAN_POINT('', (-69.93149309, -68.94842186, 170.94842186));
#584 = CARTESIAN_POINT('', (-69.93882573, -68.92423446, 170.92423446));
#585 = CARTESIAN_POINT('', (-69.94511038, -68.90223944, 170.90223944));
#586 = CARTESIAN_POINT('', (-69.95047568, -68.88243977, 170.88243977));
#587 = CARTESIAN_POINT('', (-69.95556146, -68.86260239, 170.86260239));
#588 = CARTESIAN_POINT('', (-69.96037323, -68.84270927, 170.84270927));
#589 = CARTESIAN_POINT('', (-69.96491259, -68.82275482, 170.82275482));
#590 = CARTESIAN_POINT('', (-69.96918061, -68.8027343, 170.8027343));
#591 = CARTESIAN_POINT('', (-69.97317908, -68.78263683, 170.78263683));
#592 = CARTESIAN_POINT('', (-69.97732182, -68.76021691, 170.76021691));
#593 = CARTESIAN_POINT('', (-69.98148341, -68.73549109, 170.73549109));
#594 = CARTESIAN_POINT('', (-69.98552312, -68.70849177, 170.70849177));
#595 = CARTESIAN_POINT('', (-69.98876563, -68.68375662, 170.68375662));
#596 = CARTESIAN_POINT('', (-69.99134755, -68.6613064, 170.6613064));
#597 = CARTESIAN_POINT('', (-69.9933896, -68.64115185, 170.64115185));
#598 = CARTESIAN_POINT('', (-69.99515419, -68.62103489, 170.62103489));
#599 = CARTESIAN_POINT('', (-69.99664506, -68.60093903, 170.60093903));
#600 = CARTESIAN_POINT('', (-69.99786576, -68.58083017, 170.58083017));
#601 = CARTESIAN_POINT('', (-69.99881761, -68.5606775, 170.5606775));
#602 = CARTESIAN_POINT('', (-69.99972695, -68.53372988, 170.53372988));
#603 = CARTESIAN_POINT('', (-69.99999999, -68.51349544, 170.51349544));
#604 = CARTESIAN_POINT('', (-70., -68.5, 170.5));
#605 = B_SPLINE_CURVE_WITH_KNOTS('', 3, (#549, #550, #551, #552, #553, #554, #555, #556, #557, #558, #559, #560, #561, #562, #563, #564, #565, #566, #567, #568, #569, #570, #571, #572, #573, #574, #575, #576, #577, #578, #579, #580, #581, #582, #583, #584, #585, #586, #587, #588, #589, #590, #591, #592, #593, #594, #595, #596, #597, #598, #599, #600, #601, #602, #603, #604), .UNSPECIFIED., .F., .F., (4, 1, 1, 1, 1, 1, 1, 1, 1, 1, 1, 1, 1, 1, 1, 1, 1, 1, 1, 1, 1, 1, 1, 1, 1, 1, 1, 1, 1, 1, 1, 1, 1, 1, 1, 1, 1, 1, 1, 1, 1, 1, 1, 1, 1, 1, 1, 1, 1, 1, 1, 1, 1, 4), (0.44604885, 0.45010186, 0.46010866, 0.47011865, 0.4801294, 0.49013875, 0.50014524, 0.51014672, 0.52014045, 0.53012807, 0.54011642, 0.5501091, 0.5601024, 0.57009631, 0.58010145, 0.59012549, 0.60016124, 0.61019402, 0.62021599, 0.63022731, 0.64022865, 0.65021734, 0.66018964, 0.67015092, 0.68011671, 0.69009655, 0.70008482, 0.71007787, 0.72008784, 0.73012491, 0.74017928, 0.75023014, 0.76359901, 0.77694552, 0.79026761, 0.80022838, 0.81017311, 0.8201197, 0.83008173, 0.84005797, 0.85004745, 0.86006241, 0.87011075, 0.88352831, 0.89693382, 0.91031233, 0.92031217, 0.93028714, 0.94023309, 0.95015801, 0.96008541, 0.97003711, 0.98001613, 1.), .UNSPECIFIED.);
#606 = DIRECTION('', (0., 1., 0.));
#607 = VECTOR('', #606, 1.);
#608 = CARTESIAN_POINT('', (68.5, -68.5, 172.));
#609 = LINE('', #608, #607);
#610 = CARTESIAN_POINT('', (70., -68.5, 170.5));
#611 = CARTESIAN_POINT('', (69.99999999, -68.51337476, 170.51337476));
#612 = CARTESIAN_POINT('', (69.99973138, -68.53346043, 170.53346043));
#613 = CARTESIAN_POINT('', (69.99883401, -68.56026759, 170.56026759));
#614 = CARTESIAN_POINT('', (69.99788698, -68.58044224, 170.58044224));
#615 = CARTESIAN_POINT('', (69.99666447, -68.60066096, 170.60066096));
#616 = CARTESIAN_POINT('', (69.99516419, -68.62092163, 170.62092163));
#617 = CARTESIAN_POINT('', (69.99338364, -68.641224, 170.641224));
#618 = CARTESIAN_POINT('', (69.99132105, -68.66155863, 170.66155863));
#619 = CARTESIAN_POINT('', (69.98897775, -68.68189303, 170.68189303));
#620 = CARTESIAN_POINT('', (69.98635889, -68.7021793, 170.7021793));
#621 = CARTESIAN_POINT('', (69.98346995, -68.72238572, 170.72238572));
#622 = CARTESIAN_POINT('', (69.9803125, -68.74251408, 170.74251408));
#623 = CARTESIAN_POINT('', (69.97688527, -68.76257948, 170.76257948));
#624 = CARTESIAN_POINT('', (69.9731876, -68.78258849, 170.78258849));
#625 = CARTESIAN_POINT('', (69.96921882, -68.80254596, 170.80254596));
#626 = CARTESIAN_POINT('', (69.96497467, -68.82247138, 170.82247138));
#627 = CARTESIAN_POINT('', (69.96044777, -68.84239142, 170.84239142));
#628 = CARTESIAN_POINT('', (69.95563211, -68.86232005, 170.86232005));
#629 = CARTESIAN_POINT('', (69.95052483, -68.8822557, 170.8822557));
#630 = CARTESIAN_POINT('', (69.94512432, -68.90219202, 170.90219202));
#631 = CARTESIAN_POINT('', (69.93942887, -68.92212354, 170.92212354));
#632 = CARTESIAN_POINT('', (69.93343891, -68.94203788, 170.94203788));
#633 = CARTESIAN_POINT('', (69.92715959, -68.96190967, 170.96190967));
#634 = CARTESIAN_POINT('', (69.92059905, -68.98170881, 170.98170881));
#635 = CARTESIAN_POINT('', (69.9137627, -69.00141805, 171.00141805));
#636 = CARTESIAN_POINT('', (69.90664972, -69.02103921, 171.02103921));
#637 = CARTESIAN_POINT('', (69.89925674, -69.04057956, 171.04057956));
#638 = CARTESIAN_POINT('', (69.89158189, -69.06004099, 171.06004099));
#639 = CARTESIAN_POINT('', (69.8836227, -69.07942631, 171.07942631));
#640 = CARTESIAN_POINT('', (69.87537178, -69.09874874, 171.09874874));
#641 = CARTESIAN_POINT('', (69.86681879, -69.11802531, 171.11802531));
#642 = CARTESIAN_POINT('', (69.85795632, -69.13726358, 171.13726358));
#643 = CARTESIAN_POINT('', (69.84878147, -69.15646028, 171.15646028));
#644 = CARTESIAN_POINT('', (69.83929303, -69.17560868, 171.17560868));
#645 = CARTESIAN_POINT('', (69.82948981, -69.19470214, 171.19470214));
#646 = CARTESIAN_POINT('', (69.81937319, -69.21372949, 171.21372949));
#647 = CARTESIAN_POINT('', (69.80894912, -69.23267218, 171.23267218));
#648 = CARTESIAN_POINT('', (69.79822544, -69.25151027, 171.25151027));
#649 = CARTESIAN_POINT('', (69.78720579, -69.27023303, 171.27023303));
#650 = CARTESIAN_POINT('', (69.77588682, -69.2888418, 171.2888418));
#651 = CARTESIAN_POINT('', (69.7642628, -69.30734083, 171.30734083));
#652 = CARTESIAN_POINT('', (69.75233008, -69.32573004, 171.32573004));
#653 = CARTESIAN_POINT('', (69.74008539, -69.34400838, 171.34400838));
#654 = CARTESIAN_POINT('', (69.72752183, -69.36217954, 171.36217954));
#655 = CARTESIAN_POINT('', (69.71463044, -69.3802488, 171.3802488));
#656 = CARTESIAN_POINT('', (69.70140529, -69.39821607, 171.39821607));
#657 = CARTESIAN_POINT('', (69.68784446, -69.41607533, 171.41607533));
#658 = CARTESIAN_POINT('', (69.67394789, -69.43381825, 171.43381825));
#659 = CARTESIAN_POINT('', (69.65971626, -69.45143576, 171.45143576));
#660 = CARTESIAN_POINT('', (69.64515184, -69.46891725, 171.46891725));
#661 = CARTESIAN_POINT('', (69.63025784, -69.48625153, 171.48625153));
#662 = CARTESIAN_POINT('', (69.61503591, -69.50342975, 171.50342975));
#663 = CARTESIAN_POINT('', (69.59948434, -69.52044702, 171.52044702));
#664 = CARTESIAN_POINT('', (69.58359772, -69.53730211, 171.53730211));
#665 = CARTESIAN_POINT('', (69.57059469, -69.5506769, 171.5506769));
#666 = CARTESIAN_POINT('', (69.56288744, -69.5584329, 171.5584329));
#667 = CARTESIAN_POINT('', (69.56066017, -69.56066017, 171.56066017));
#668 = B_SPLINE_CURVE_WITH_KNOTS('', 3, (#610, #611, #612, #613, #614, #615, #616, #617, #618, #619, #620, #621, #622, #623, #624, #625, #626, #627, #628, #629, #630, #631, #632, #633, #634, #635, #636, #637, #638, #639, #640, #641, #642, #643, #644, #645, #646, #647, #648, #649, #650, #651, #652, #653, #654, #655, #656, #657, #658, #659, #660, #661, #662, #663, #664, #665, #666, #667), .UNSPECIFIED., .F., .F., (4, 1, 1, 1, 1, 1, 1, 1, 1, 1, 1, 1, 1, 1, 1, 1, 1, 1, 1, 1, 1, 1, 1, 1, 1, 1, 1, 1, 1, 1, 1, 1, 1, 1, 1, 1, 1, 1, 1, 1, 1, 1, 1, 1, 1, 1, 1, 1, 1, 1, 1, 1, 1, 1, 1, 4), (0., 0.01980516, 0.02974259, 0.03970634, 0.04969562, 0.05970921, 0.06974882, 0.07981649, 0.08989744, 0.09995915, 0.10998066, 0.11997099, 0.12994739, 0.13990879, 0.1498516, 0.15979051, 0.1697465, 0.17972696, 0.18972788, 0.19974701, 0.20978468, 0.21983826, 0.22989509, 0.23993574, 0.24995014, 0.25994485, 0.26992945, 0.27990236, 0.28986211, 0.2998198, 0.30979014, 0.31977803, 0.32978037, 0.33979529, 0.34982239, 0.35985883, 0.36989566, 0.37992065, 0.38992852, 0.39992469, 0.40991635, 0.41990325, 0.42988421, 0.4398651, 0.44985377, 0.45985226, 0.46985809, 0.47986962, 0.48988514, 0.4999011, 0.50991322, 0.51991884, 0.52991843, 0.53991474, 0.54991204, 0.55395136), .UNSPECIFIED.);
#669 = DIRECTION('', (0., -1., 0.));
#670 = VECTOR('', #669, 1.);
#671 = CARTESIAN_POINT('', (70., 68.5, 170.5));
#672 = LINE('', #671, #670);
#673 = CARTESIAN_POINT('', (70., 68.5, 170.5));
#674 = CARTESIAN_POINT('', (69.99999999, 68.51349544, 170.51349544));
#675 = CARTESIAN_POINT('', (69.99972695, 68.53372988, 170.53372988));
#676 = CARTESIAN_POINT('', (69.99881761, 68.5606775, 170.5606775));
#677 = CARTESIAN_POINT('', (69.99786576, 68.58083017, 170.58083017));
#678 = CARTESIAN_POINT('', (69.99664506, 68.60093903, 170.60093903));
#679 = CARTESIAN_POINT('', (69.99515419, 68.62103489, 170.62103489));
#680 = CARTESIAN_POINT('', (69.9933896, 68.64115185, 170.64115185));
#681 = CARTESIAN_POINT('', (69.99134755, 68.6613064, 170.6613064));
#682 = CARTESIAN_POINT('', (69.98876563, 68.68375662, 170.68375662));
#683 = CARTESIAN_POINT('', (69.98552312, 68.70849177, 170.70849177));
#684 = CARTESIAN_POINT('', (69.98148341, 68.73549109, 170.73549109));
#685 = CARTESIAN_POINT('', (69.97732182, 68.76021691, 170.76021691));
#686 = CARTESIAN_POINT('', (69.97317908, 68.78263683, 170.78263683));
#687 = CARTESIAN_POINT('', (69.96918061, 68.8027343, 170.8027343));
#688 = CARTESIAN_POINT('', (69.96491259, 68.82275482, 170.82275482));
#689 = CARTESIAN_POINT('', (69.96037323, 68.84270927, 170.84270927));
#690 = CARTESIAN_POINT('', (69.95556146, 68.86260239, 170.86260239));
#691 = CARTESIAN_POINT('', (69.95047568, 68.88243977, 170.88243977));
#692 = CARTESIAN_POINT('', (69.94511038, 68.90223944, 170.90223944));
#693 = CARTESIAN_POINT('', (69.93882573, 68.92423446, 170.92423446));
#694 = CARTESIAN_POINT('', (69.93149309, 68.94842186, 170.94842186));
#695 = CARTESIAN_POINT('', (69.92296879, 68.97478079, 170.97478079));
#696 = CARTESIAN_POINT('', (69.9146703, 68.99890681, 170.99890681));
#697 = CARTESIAN_POINT('', (69.90673686, 69.02080566, 171.02080566));
#698 = CARTESIAN_POINT('', (69.89929957, 69.0404705, 171.0404705));
#699 = CARTESIAN_POINT('', (69.89157813, 69.06005184, 171.06005184));
#700 = CARTESIAN_POINT('', (69.88357803, 69.07953406, 171.07953406));
#701 = CARTESIAN_POINT('', (69.87529623, 69.09892291, 171.09892291));
#702 = CARTESIAN_POINT('', (69.86672721, 69.11822793, 171.11822793));
#703 = CARTESIAN_POINT('', (69.85786937, 69.13744831, 171.13744831));
#704 = CARTESIAN_POINT('', (69.84872196, 69.15658152, 171.15658152));
#705 = CARTESIAN_POINT('', (69.83927804, 69.17563718, 171.17563718));
#706 = CARTESIAN_POINT('', (69.82952609, 69.19463157, 171.19463157));
#707 = CARTESIAN_POINT('', (69.8194578, 69.21357217, 171.21357217));
#708 = CARTESIAN_POINT('', (69.80907051, 69.23245473, 171.23245473));
#709 = CARTESIAN_POINT('', (69.79836334, 69.25127198, 171.25127198));
#710 = CARTESIAN_POINT('', (69.78733413, 69.27001901, 171.27001901));
#711 = CARTESIAN_POINT('', (69.77598265, 69.28868759, 171.28868759));
#712 = CARTESIAN_POINT('', (69.76431495, 69.30725997, 171.30725997));
#713 = CARTESIAN_POINT('', (69.75234098, 69.32571411, 171.32571411));
#714 = CARTESIAN_POINT('', (69.74006566, 69.34403773, 171.34403773));
#715 = CARTESIAN_POINT('', (69.72748371, 69.36223397, 171.36223397));
#716 = CARTESIAN_POINT('', (69.71458611, 69.38030996, 171.38030996));
#717 = CARTESIAN_POINT('', (69.70136808, 69.39826563, 171.39826563));
#718 = CARTESIAN_POINT('', (69.68782783, 69.41609651, 171.41609651));
#719 = CARTESIAN_POINT('', (69.67396043, 69.43380206, 171.43380206));
#720 = CARTESIAN_POINT('', (69.659758, 69.45138455, 171.45138455));
#721 = CARTESIAN_POINT('', (69.6452152, 69.46884218, 171.46884218));
#722 = CARTESIAN_POINT('', (69.63033097, 69.48616769, 171.48616769));
#723 = CARTESIAN_POINT('', (69.61510602, 69.50335196, 171.50335196));
#724 = CARTESIAN_POINT('', (69.59954109, 69.52038609, 171.52038609));
#725 = CARTESIAN_POINT('', (69.58363731, 69.53726095, 171.53726095));
#726 = CARTESIAN_POINT('', (69.57061485, 69.55065649, 171.55065649));
#727 = CARTESIAN_POINT('', (69.56289499, 69.55842536, 171.55842536));
#728 = CARTESIAN_POINT('', (69.56066017, 69.56066017, 171.56066017));
#729 = B_SPLINE_CURVE_WITH_KNOTS('', 3, (#673, #674, #675, #676, #677, #678, #679, #680, #681, #682, #683, #684, #685, #686, #687, #688, #689, #690, #691, #692, #693, #694, #695, #696, #697, #698, #699, #700, #701, #702, #703, #704, #705, #706, #707, #708, #709, #710, #711, #712, #713, #714, #715, #716, #717, #718, #719, #720, #721, #722, #723, #724, #725, #726, #727, #728), .UNSPECIFIED., .F., .F., (4, 1, 1, 1, 1, 1, 1, 1, 1, 1, 1, 1, 1, 1, 1, 1, 1, 1, 1, 1, 1, 1, 1, 1, 1, 1, 1, 1, 1, 1, 1, 1, 1, 1, 1, 1, 1, 1, 1, 1, 1, 1, 1, 1, 1, 1, 1, 1, 1, 1, 1, 1, 1, 4), (0., 0.01998387, 0.02996289, 0.03991459, 0.04984199, 0.05976691, 0.06971286, 0.07968783, 0.08968767, 0.10306618, 0.11647169, 0.12988925, 0.13993759, 0.14995255, 0.15994203, 0.16991827, 0.1798803, 0.18982689, 0.19977162, 0.20973239, 0.22305448, 0.23640099, 0.24976986, 0.25982072, 0.26987509, 0.27991216, 0.28992213, 0.29991518, 0.30990345, 0.31988329, 0.32984908, 0.33981036, 0.34978266, 0.35977135, 0.36977269, 0.37978401, 0.38980598, 0.39983876, 0.40987451, 0.41989855, 0.42990369, 0.4398976, 0.4498909, 0.45988358, 0.46987193, 0.47985955, 0.48985328, 0.49985476, 0.50986125, 0.5198706, 0.52988135, 0.53989134, 0.54989814, 0.55395115), .UNSPECIFIED.);
#730 = CARTESIAN_POINT('', (68.5, -68.5, 172.));
#731 = CARTESIAN_POINT('', (68.51349418, -68.51349418, 171.99999999));
#732 = CARTESIAN_POINT('', (68.53372788, -68.53372788, 171.99972698));
#733 = CARTESIAN_POINT('', (68.56067534, -68.56067534, 171.9988177));
#734 = CARTESIAN_POINT('', (68.58082936, -68.58082936, 171.99786581));
#735 = CARTESIAN_POINT('', (68.60093903, -68.60093903, 171.99664506));
#736 = CARTESIAN_POINT('', (68.62103509, -68.62103509, 171.99515417));
#737 = CARTESIAN_POINT('', (68.64115199, -68.64115199, 171.99338959));
#738 = CARTESIAN_POINT('', (68.66130651, -68.66130651, 171.99134754));
#739 = CARTESIAN_POINT('', (68.68375674, -68.68375674, 171.98876562));
#740 = CARTESIAN_POINT('', (68.70849172, -68.70849172, 171.98552313));
#741 = CARTESIAN_POINT('', (68.73549068, -68.73549068, 171.98148348));
#742 = CARTESIAN_POINT('', (68.76021636, -68.76021636, 171.97732192));
#743 = CARTESIAN_POINT('', (68.78263705, -68.78263705, 171.97317904));
#744 = CARTESIAN_POINT('', (68.80273605, -68.80273605, 171.96918026));
#745 = CARTESIAN_POINT('', (68.82275765, -68.82275765, 171.96491197));
#746 = CARTESIAN_POINT('', (68.84271179, -68.84271179, 171.96037263));
#747 = CARTESIAN_POINT('', (68.8626037, -68.8626037, 171.95556112));
#748 = CARTESIAN_POINT('', (68.88244013, -68.88244013, 171.95047558));
#749 = CARTESIAN_POINT('', (68.90223954, -68.90223954, 171.94511035));
#750 = CARTESIAN_POINT('', (68.92423467, -68.92423467, 171.93882567));
#751 = CARTESIAN_POINT('', (68.94842216, -68.94842216, 171.931493));
#752 = CARTESIAN_POINT('', (68.9747811, -68.9747811, 171.92296869));
#753 = CARTESIAN_POINT('', (68.99890703, -68.99890703, 171.91467022));
#754 = CARTESIAN_POINT('', (69.02080568, -69.02080568, 171.90673685));
#755 = CARTESIAN_POINT('', (69.04047047, -69.04047047, 171.89929958));
#756 = CARTESIAN_POINT('', (69.06005233, -69.06005233, 171.89157794));
#757 = CARTESIAN_POINT('', (69.07953547, -69.07953547, 171.88357745));
#758 = CARTESIAN_POINT('', (69.09892491, -69.09892491, 171.87529537));
#759 = CARTESIAN_POINT('', (69.11822965, -69.11822965, 171.86672643));
#760 = CARTESIAN_POINT('', (69.13744922, -69.13744922, 171.85786894));
#761 = CARTESIAN_POINT('', (69.1565818, -69.1565818, 171.84872182));
#762 = CARTESIAN_POINT('', (69.1756373, -69.1756373, 171.83927797));
#763 = CARTESIAN_POINT('', (69.19463176, -69.19463176, 171.82952599));
#764 = CARTESIAN_POINT('', (69.2135724, -69.2135724, 171.81945767));
#765 = CARTESIAN_POINT('', (69.23245495, -69.23245495, 171.80907038));
#766 = CARTESIAN_POINT('', (69.25127221, -69.25127221, 171.79836321));
#767 = CARTESIAN_POINT('', (69.27001923, -69.27001923, 171.787334));
#768 = CARTESIAN_POINT('', (69.28868776, -69.28868776, 171.77598255));
#769 = CARTESIAN_POINT('', (69.30726015, -69.30726015, 171.76431483));
#770 = CARTESIAN_POINT('', (69.3257145, -69.3257145, 171.75234073));
#771 = CARTESIAN_POINT('', (69.34403844, -69.34403844, 171.74006518));
#772 = CARTESIAN_POINT('', (69.36223485, -69.36223485, 171.72748309));
#773 = CARTESIAN_POINT('', (69.38031068, -69.38031068, 171.71458558));
#774 = CARTESIAN_POINT('', (69.39826601, -69.39826601, 171.70136778));
#775 = CARTESIAN_POINT('', (69.41609666, -69.41609666, 171.68782772));
#776 = CARTESIAN_POINT('', (69.43380214, -69.43380214, 171.67396037));
#777 = CARTESIAN_POINT('', (69.45138466, -69.45138466, 171.65975791));
#778 = CARTESIAN_POINT('', (69.46884231, -69.46884231, 171.64521509));
#779 = CARTESIAN_POINT('', (69.48616782, -69.48616782, 171.63033085));
#780 = CARTESIAN_POINT('', (69.50335209, -69.50335209, 171.61510591));
#781 = CARTESIAN_POINT('', (69.52038623, -69.52038623, 171.59954096));
#782 = CARTESIAN_POINT('', (69.53726111, -69.53726111, 171.58363716));
#783 = CARTESIAN_POINT('', (69.5506566, -69.5506566, 171.57061474));
#784 = CARTESIAN_POINT('', (69.55842541, -69.55842541, 171.56289493));
#785 = CARTESIAN_POINT('', (69.56066017, -69.56066017, 171.56066017));
#786 = B_SPLINE_CURVE_WITH_KNOTS('', 3, (#730, #731, #732, #733, #734, #735, #736, #737, #738, #739, #740, #741, #742, #743, #744, #745, #746, #747, #748, #749, #750, #751, #752, #753, #754, #755, #756, #757, #758, #759, #760, #761, #762, #763, #764, #765, #766, #767, #768, #769, #770, #771, #772, #773, #774, #775, #776, #777, #778, #779, #780, #781, #782, #783, #784, #785), .UNSPECIFIED., .F., .F., (4, 1, 1, 1, 1, 1, 1, 1, 1, 1, 1, 1, 1, 1, 1, 1, 1, 1, 1, 1, 1, 1, 1, 1, 1, 1, 1, 1, 1, 1, 1, 1, 1, 1, 1, 1, 1, 1, 1, 1, 1, 1, 1, 1, 1, 1, 1, 1, 1, 1, 1, 1, 1, 4), (0., 0.01998201, 0.02996181, 0.03991435, 0.04984212, 0.05976703, 0.06971291, 0.07968787, 0.08968773, 0.10306625, 0.1164715, 0.12988877, 0.13993744, 0.14995352, 0.15994382, 0.16991975, 0.17988082, 0.18982687, 0.19977164, 0.20973253, 0.22305462, 0.23640115, 0.24977002, 0.25982073, 0.26987494, 0.27991226, 0.28992293, 0.29991646, 0.30990447, 0.31988366, 0.3298491, 0.33981041, 0.34978279, 0.35977148, 0.36977279, 0.37978413, 0.38980612, 0.39983885, 0.40987456, 0.41989871, 0.42990412, 0.43989818, 0.44989134, 0.45988376, 0.46987196, 0.47985959, 0.48985335, 0.49985484, 0.50986132, 0.51987067, 0.52988143, 0.53989143, 0.54989825, 0.55395115), .UNSPECIFIED.);
#787 = CARTESIAN_POINT('', (69.56066017, -69.56066017, 171.56066017));
#788 = CARTESIAN_POINT('', (69.55842536, -69.56289499, 171.55842536));
#789 = CARTESIAN_POINT('', (69.55065649, -69.57061485, 171.55065649));
#790 = CARTESIAN_POINT('', (69.53726095, -69.58363731, 171.53726095));
#791 = CARTESIAN_POINT('', (69.52038609, -69.59954109, 171.52038609));
#792 = CARTESIAN_POINT('', (69.50335196, -69.61510602, 171.50335196));
#793 = CARTESIAN_POINT('', (69.48616769, -69.63033097, 171.48616769));
#794 = CARTESIAN_POINT('', (69.46884218, -69.6452152, 171.46884218));
#795 = CARTESIAN_POINT('', (69.45138455, -69.659758, 171.45138455));
#796 = CARTESIAN_POINT('', (69.43380206, -69.67396043, 171.43380206));
#797 = CARTESIAN_POINT('', (69.41609651, -69.68782783, 171.41609651));
#798 = CARTESIAN_POINT('', (69.39826563, -69.70136808, 171.39826563));
#799 = CARTESIAN_POINT('', (69.38030996, -69.71458611, 171.38030996));
#800 = CARTESIAN_POINT('', (69.36223397, -69.72748371, 171.36223397));
#801 = CARTESIAN_POINT('', (69.34403773, -69.74006566, 171.34403773));
#802 = CARTESIAN_POINT('', (69.32571411, -69.75234098, 171.32571411));
#803 = CARTESIAN_POINT('', (69.30725997, -69.76431495, 171.30725997));
#804 = CARTESIAN_POINT('', (69.28868759, -69.77598265, 171.28868759));
#805 = CARTESIAN_POINT('', (69.27001901, -69.78733413, 171.27001901));
#806 = CARTESIAN_POINT('', (69.25127198, -69.79836334, 171.25127198));
#807 = CARTESIAN_POINT('', (69.23245473, -69.80907051, 171.23245473));
#808 = CARTESIAN_POINT('', (69.21357217, -69.8194578, 171.21357217));
#809 = CARTESIAN_POINT('', (69.19463157, -69.82952609, 171.19463157));
#810 = CARTESIAN_POINT('', (69.17563718, -69.83927804, 171.17563718));
#811 = CARTESIAN_POINT('', (69.15658152, -69.84872196, 171.15658152));
#812 = CARTESIAN_POINT('', (69.13744831, -69.85786937, 171.13744831));
#813 = CARTESIAN_POINT('', (69.11822793, -69.86672721, 171.11822793));
#814 = CARTESIAN_POINT('', (69.09892291, -69.87529623, 171.09892291));
#815 = CARTESIAN_POINT('', (69.07953406, -69.88357803, 171.07953406));
#816 = CARTESIAN_POINT('', (69.06005184, -69.89157813, 171.06005184));
#817 = CARTESIAN_POINT('', (69.0404705, -69.89929957, 171.0404705));
#818 = CARTESIAN_POINT('', (69.02080566, -69.90673686, 171.02080566));
#819 = CARTESIAN_POINT('', (68.99890681, -69.9146703, 170.99890681));
#820 = CARTESIAN_POINT('', (68.97478079, -69.92296879, 170.97478079));
#821 = CARTESIAN_POINT('', (68.94842186, -69.93149309, 170.94842186));
#822 = CARTESIAN_POINT('', (68.92423446, -69.93882573, 170.92423446));
#823 = CARTESIAN_POINT('', (68.90223944, -69.94511038, 170.90223944));
#824 = CARTESIAN_POINT('', (68.88243977, -69.95047568, 170.88243977));
#825 = CARTESIAN_POINT('', (68.86260239, -69.95556146, 170.86260239));
#826 = CARTESIAN_POINT('', (68.84270927, -69.96037323, 170.84270927));
#827 = CARTESIAN_POINT('', (68.82275482, -69.96491259, 170.82275482));
#828 = CARTESIAN_POINT('', (68.8027343, -69.96918061, 170.8027343));
#829 = CARTESIAN_POINT('', (68.78263683, -69.97317908, 170.78263683));
#830 = CARTESIAN_POINT('', (68.76021691, -69.97732182, 170.76021691));
#831 = CARTESIAN_POINT('', (68.73549109, -69.98148341, 170.73549109));
#832 = CARTESIAN_POINT('', (68.70849177, -69.98552312, 170.70849177));
#833 = CARTESIAN_POINT('', (68.68375662, -69.98876563, 170.68375662));
#834 = CARTESIAN_POINT('', (68.6613064, -69.99134755, 170.6613064));
#835 = CARTESIAN_POINT('', (68.64115185, -69.9933896, 170.64115185));
#836 = CARTESIAN_POINT('', (68.62103489, -69.99515419, 170.62103489));
#837 = CARTESIAN_POINT('', (68.60093903, -69.99664506, 170.60093903));
#838 = CARTESIAN_POINT('', (68.58083017, -69.99786576, 170.58083017));
#839 = CARTESIAN_POINT('', (68.5606775, -69.99881761, 170.5606775));
#840 = CARTESIAN_POINT('', (68.53372988, -69.99972695, 170.53372988));
#841 = CARTESIAN_POINT('', (68.51349544, -69.99999999, 170.51349544));
#842 = CARTESIAN_POINT('', (68.5, -70., 170.5));
#843 = B_SPLINE_CURVE_WITH_KNOTS('', 3, (#787, #788, #789, #790, #791, #792, #793, #794, #795, #796, #797, #798, #799, #800, #801, #802, #803, #804, #805, #806, #807, #808, #809, #810, #811, #812, #813, #814, #815, #816, #817, #818, #819, #820, #821, #822, #823, #824, #825, #826, #827, #828, #829, #830, #831, #832, #833, #834, #835, #836, #837, #838, #839, #840, #841, #842), .UNSPECIFIED., .F., .F., (4, 1, 1, 1, 1, 1, 1, 1, 1, 1, 1, 1, 1, 1, 1, 1, 1, 1, 1, 1, 1, 1, 1, 1, 1, 1, 1, 1, 1, 1, 1, 1, 1, 1, 1, 1, 1, 1, 1, 1, 1, 1, 1, 1, 1, 1, 1, 1, 1, 1, 1, 1, 1, 4), (0.44604885, 0.45010186, 0.46010866, 0.47011865, 0.4801294, 0.49013875, 0.50014524, 0.51014672, 0.52014045, 0.53012807, 0.54011642, 0.5501091, 0.5601024, 0.57009631, 0.58010145, 0.59012549, 0.60016124, 0.61019402, 0.62021599, 0.63022731, 0.64022865, 0.65021734, 0.66018964, 0.67015092, 0.68011671, 0.69009655, 0.70008482, 0.71007787, 0.72008784, 0.73012491, 0.74017928, 0.75023014, 0.76359901, 0.77694552, 0.79026761, 0.80022838, 0.81017311, 0.8201197, 0.83008173, 0.84005797, 0.85004745, 0.86006241, 0.87011075, 0.88352831, 0.89693382, 0.91031233, 0.92031217, 0.93028714, 0.94023309, 0.95015801, 0.96008541, 0.97003711, 0.98001613, 1.), .UNSPECIFIED.);
#844 = DIRECTION('', (0., -0., -1.));
#845 = VECTOR('', #844, 1.);
#846 = CARTESIAN_POINT('', (70., -68.5, 170.5));
#847 = LINE('', #846, #845);
#848 = CARTESIAN_POINT('', (-68.5, 70., 170.5));
#849 = CARTESIAN_POINT('', (-68.51349544, 69.99999999, 170.51349544));
#850 = CARTESIAN_POINT('', (-68.53372988, 69.99972695, 170.53372988));
#851 = CARTESIAN_POINT('', (-68.5606775, 69.99881761, 170.5606775));
#852 = CARTESIAN_POINT('', (-68.58083017, 69.99786576, 170.58083017));
#853 = CARTESIAN_POINT('', (-68.60093903, 69.99664506, 170.60093903));
#854 = CARTESIAN_POINT('', (-68.62103489, 69.99515419, 170.62103489));
#855 = CARTESIAN_POINT('', (-68.64115185, 69.9933896, 170.64115185));
#856 = CARTESIAN_POINT('', (-68.6613064, 69.99134755, 170.6613064));
#857 = CARTESIAN_POINT('', (-68.68375662, 69.98876563, 170.68375662));
#858 = CARTESIAN_POINT('', (-68.70849177, 69.98552312, 170.70849177));
#859 = CARTESIAN_POINT('', (-68.73549109, 69.98148341, 170.73549109));
#860 = CARTESIAN_POINT('', (-68.76021691, 69.97732182, 170.76021691));
#861 = CARTESIAN_POINT('', (-68.78263683, 69.97317908, 170.78263683));
#862 = CARTESIAN_POINT('', (-68.8027343, 69.96918061, 170.8027343));
#863 = CARTESIAN_POINT('', (-68.82275482, 69.96491259, 170.82275482));
#864 = CARTESIAN_POINT('', (-68.84270927, 69.96037323, 170.84270927));
#865 = CARTESIAN_POINT('', (-68.86260239, 69.95556146, 170.86260239));
#866 = CARTESIAN_POINT('', (-68.88243977, 69.95047568, 170.88243977));
#867 = CARTESIAN_POINT('', (-68.90223944, 69.94511038, 170.90223944));
#868 = CARTESIAN_POINT('', (-68.92423446, 69.93882573, 170.92423446));
#869 = CARTESIAN_POINT('', (-68.94842186, 69.93149309, 170.94842186));
#870 = CARTESIAN_POINT('', (-68.97478079, 69.92296879, 170.97478079));
#871 = CARTESIAN_POINT('', (-68.99890681, 69.9146703, 170.99890681));
#872 = CARTESIAN_POINT('', (-69.02080566, 69.90673686, 171.02080566));
#873 = CARTESIAN_POINT('', (-69.0404705, 69.89929957, 171.0404705));
#874 = CARTESIAN_POINT('', (-69.06005184, 69.89157813, 171.06005184));
#875 = CARTESIAN_POINT('', (-69.07953406, 69.88357803, 171.07953406));
#876 = CARTESIAN_POINT('', (-69.09892291, 69.87529623, 171.09892291));
#877 = CARTESIAN_POINT('', (-69.11822793, 69.86672721, 171.11822793));
#878 = CARTESIAN_POINT('', (-69.13744831, 69.85786937, 171.13744831));
#879 = CARTESIAN_POINT('', (-69.15658152, 69.84872196, 171.15658152));
#880 = CARTESIAN_POINT('', (-69.17563718, 69.83927804, 171.17563718));
#881 = CARTESIAN_POINT('', (-69.19463157, 69.82952609, 171.19463157));
#882 = CARTESIAN_POINT('', (-69.21357217, 69.8194578, 171.21357217));
#883 = CARTESIAN_POINT('', (-69.23245473, 69.80907051, 171.23245473));
#884 = CARTESIAN_POINT('', (-69.25127198, 69.79836334, 171.25127198));
#885 = CARTESIAN_POINT('', (-69.27001901, 69.78733413, 171.27001901));
#886 = CARTESIAN_POINT('', (-69.28868759, 69.77598265, 171.28868759));
#887 = CARTESIAN_POINT('', (-69.30725997, 69.76431495, 171.30725997));
#888 = CARTESIAN_POINT('', (-69.32571411, 69.75234098, 171.32571411));
#889 = CARTESIAN_POINT('', (-69.34403773, 69.74006566, 171.34403773));
#890 = CARTESIAN_POINT('', (-69.36223397, 69.72748371, 171.36223397));
#891 = CARTESIAN_POINT('', (-69.38030996, 69.71458611, 171.38030996));
#892 = CARTESIAN_POINT('', (-69.39826563, 69.70136808, 171.39826563));
#893 = CARTESIAN_POINT('', (-69.41609651, 69.68782783, 171.41609651));
#894 = CARTESIAN_POINT('', (-69.43380206, 69.67396043, 171.43380206));
#895 = CARTESIAN_POINT('', (-69.45138455, 69.659758, 171.45138455));
#896 = CARTESIAN_POINT('', (-69.46884218, 69.6452152, 171.46884218));
#897 = CARTESIAN_POINT('', (-69.48616769, 69.63033097, 171.48616769));
#898 = CARTESIAN_POINT('', (-69.50335196, 69.61510602, 171.50335196));
#899 = CARTESIAN_POINT('', (-69.52038609, 69.59954109, 171.52038609));
#900 = CARTESIAN_POINT('', (-69.53726095, 69.58363731, 171.53726095));
#901 = CARTESIAN_POINT('', (-69.55065649, 69.57061485, 171.55065649));
#902 = CARTESIAN_POINT('', (-69.55842536, 69.56289499, 171.55842536));
#903 = CARTESIAN_POINT('', (-69.56066017, 69.56066017, 171.56066017));
#904 = B_SPLINE_CURVE_WITH_KNOTS('', 3, (#848, #849, #850, #851, #852, #853, #854, #855, #856, #857, #858, #859, #860, #861, #862, #863, #864, #865, #866, #867, #868, #869, #870, #871, #872, #873, #874, #875, #876, #877, #878, #879, #880, #881, #882, #883, #884, #885, #886, #887, #888, #889, #890, #891, #892, #893, #894, #895, #896, #897, #898, #899, #900, #901, #902, #903), .UNSPECIFIED., .F., .F., (4, 1, 1, 1, 1, 1, 1, 1, 1, 1, 1, 1, 1, 1, 1, 1, 1, 1, 1, 1, 1, 1, 1, 1, 1, 1, 1, 1, 1, 1, 1, 1, 1, 1, 1, 1, 1, 1, 1, 1, 1, 1, 1, 1, 1, 1, 1, 1, 1, 1, 1, 1, 1, 4), (0., 0.01998387, 0.02996289, 0.03991459, 0.04984199, 0.05976691, 0.06971286, 0.07968783, 0.08968767, 0.10306618, 0.11647169, 0.12988925, 0.13993759, 0.14995255, 0.15994203, 0.16991827, 0.1798803, 0.18982689, 0.19977162, 0.20973239, 0.22305448, 0.23640099, 0.24976986, 0.25982072, 0.26987509, 0.27991216, 0.28992213, 0.29991518, 0.30990345, 0.31988329, 0.32984908, 0.33981036, 0.34978266, 0.35977135, 0.36977269, 0.37978401, 0.38980598, 0.39983876, 0.40987451, 0.41989855, 0.42990369, 0.4398976, 0.4498909, 0.45988358, 0.46987193, 0.47985955, 0.48985328, 0.49985476, 0.50986125, 0.5198706, 0.52988135, 0.53989134, 0.54989814, 0.55395115), .UNSPECIFIED.);
#905 = CARTESIAN_POINT('', (69.56066017, 69.56066017, 171.56066017));
#906 = CARTESIAN_POINT('', (69.5584329, 69.56288744, 171.5584329));
#907 = CARTESIAN_POINT('', (69.5506769, 69.57059469, 171.5506769));
#908 = CARTESIAN_POINT('', (69.53730211, 69.58359772, 171.53730211));
#909 = CARTESIAN_POINT('', (69.52044702, 69.59948434, 171.52044702));
#910 = CARTESIAN_POINT('', (69.50342975, 69.61503591, 171.50342975));
#911 = CARTESIAN_POINT('', (69.48625153, 69.63025784, 171.48625153));
#912 = CARTESIAN_POINT('', (69.46891725, 69.64515184, 171.46891725));
#913 = CARTESIAN_POINT('', (69.45143576, 69.65971626, 171.45143576));
#914 = CARTESIAN_POINT('', (69.43381825, 69.67394789, 171.43381825));
#915 = CARTESIAN_POINT('', (69.41607533, 69.68784446, 171.41607533));
#916 = CARTESIAN_POINT('', (69.39821607, 69.70140529, 171.39821607));
#917 = CARTESIAN_POINT('', (69.3802488, 69.71463044, 171.3802488));
#918 = CARTESIAN_POINT('', (69.36217954, 69.72752183, 171.36217954));
#919 = CARTESIAN_POINT('', (69.34400838, 69.74008539, 171.34400838));
#920 = CARTESIAN_POINT('', (69.32573004, 69.75233008, 171.32573004));
#921 = CARTESIAN_POINT('', (69.30734083, 69.7642628, 171.30734083));
#922 = CARTESIAN_POINT('', (69.2888418, 69.77588682, 171.2888418));
#923 = CARTESIAN_POINT('', (69.27023303, 69.78720579, 171.27023303));
#924 = CARTESIAN_POINT('', (69.25151027, 69.79822544, 171.25151027));
#925 = CARTESIAN_POINT('', (69.23267218, 69.80894912, 171.23267218));
#926 = CARTESIAN_POINT('', (69.21372949, 69.81937319, 171.21372949));
#927 = CARTESIAN_POINT('', (69.19470214, 69.82948981, 171.19470214));
#928 = CARTESIAN_POINT('', (69.17560868, 69.83929303, 171.17560868));
#929 = CARTESIAN_POINT('', (69.15646028, 69.84878147, 171.15646028));
#930 = CARTESIAN_POINT('', (69.13726358, 69.85795632, 171.13726358));
#931 = CARTESIAN_POINT('', (69.11802531, 69.86681879, 171.11802531));
#932 = CARTESIAN_POINT('', (69.09874874, 69.87537178, 171.09874874));
#933 = CARTESIAN_POINT('', (69.07942631, 69.8836227, 171.07942631));
#934 = CARTESIAN_POINT('', (69.06004099, 69.89158189, 171.06004099));
#935 = CARTESIAN_POINT('', (69.04057956, 69.89925674, 171.04057956));
#936 = CARTESIAN_POINT('', (69.02103921, 69.90664972, 171.02103921));
#937 = CARTESIAN_POINT('', (69.00141805, 69.9137627, 171.00141805));
#938 = CARTESIAN_POINT('', (68.98170881, 69.92059905, 170.98170881));
#939 = CARTESIAN_POINT('', (68.96190967, 69.92715959, 170.96190967));
#940 = CARTESIAN_POINT('', (68.94203788, 69.93343891, 170.94203788));
#941 = CARTESIAN_POINT('', (68.92212354, 69.93942887, 170.92212354));
#942 = CARTESIAN_POINT('', (68.90219202, 69.94512432, 170.90219202));
#943 = CARTESIAN_POINT('', (68.8822557, 69.95052483, 170.8822557));
#944 = CARTESIAN_POINT('', (68.86232005, 69.95563211, 170.86232005));
#945 = CARTESIAN_POINT('', (68.84239142, 69.96044777, 170.84239142));
#946 = CARTESIAN_POINT('', (68.82247138, 69.96497467, 170.82247138));
#947 = CARTESIAN_POINT('', (68.80254596, 69.96921882, 170.80254596));
#948 = CARTESIAN_POINT('', (68.78258849, 69.9731876, 170.78258849));
#949 = CARTESIAN_POINT('', (68.76257948, 69.97688527, 170.76257948));
#950 = CARTESIAN_POINT('', (68.74251408, 69.9803125, 170.74251408));
#951 = CARTESIAN_POINT('', (68.72238572, 69.98346995, 170.72238572));
#952 = CARTESIAN_POINT('', (68.7021793, 69.98635889, 170.7021793));
#953 = CARTESIAN_POINT('', (68.68189303, 69.98897775, 170.68189303));
#954 = CARTESIAN_POINT('', (68.66155863, 69.99132105, 170.66155863));
#955 = CARTESIAN_POINT('', (68.641224, 69.99338364, 170.641224));
#956 = CARTESIAN_POINT('', (68.62092163, 69.99516419, 170.62092163));
#957 = CARTESIAN_POINT('', (68.60066096, 69.99666447, 170.60066096));
#958 = CARTESIAN_POINT('', (68.58044224, 69.99788698, 170.58044224));
#959 = CARTESIAN_POINT('', (68.56026759, 69.99883401, 170.56026759));
#960 = CARTESIAN_POINT('', (68.53346043, 69.99973138, 170.53346043));
#961 = CARTESIAN_POINT('', (68.51337476, 69.99999999, 170.51337476));
#962 = CARTESIAN_POINT('', (68.5, 70., 170.5));
#963 = B_SPLINE_CURVE_WITH_KNOTS('', 3, (#905, #906, #907, #908, #909, #910, #911, #912, #913, #914, #915, #916, #917, #918, #919, #920, #921, #922, #923, #924, #925, #926, #927, #928, #929, #930, #931, #932, #933, #934, #935, #936, #937, #938, #939, #940, #941, #942, #943, #944, #945, #946, #947, #948, #949, #950, #951, #952, #953, #954, #955, #956, #957, #958, #959, #960, #961, #962), .UNSPECIFIED., .F., .F., (4, 1, 1, 1, 1, 1, 1, 1, 1, 1, 1, 1, 1, 1, 1, 1, 1, 1, 1, 1, 1, 1, 1, 1, 1, 1, 1, 1, 1, 1, 1, 1, 1, 1, 1, 1, 1, 1, 1, 1, 1, 1, 1, 1, 1, 1, 1, 1, 1, 1, 1, 1, 1, 1, 1, 4), (0.44604864, 0.45008796, 0.46008526, 0.47008157, 0.48008116, 0.49008678, 0.5000989, 0.51011486, 0.52013038, 0.53014191, 0.54014774, 0.55014623, 0.5601349, 0.57011579, 0.58009675, 0.59008365, 0.60007531, 0.61007148, 0.62007935, 0.63010434, 0.64014117, 0.65017761, 0.66020471, 0.67021963, 0.68022197, 0.69020986, 0.7001802, 0.71013789, 0.72009764, 0.73007055, 0.74005515, 0.75004986, 0.76006426, 0.77010491, 0.78016174, 0.79021532, 0.80025299, 0.81027212, 0.82027304, 0.8302535, 0.84020949, 0.8501484, 0.86009121, 0.87005261, 0.88002901, 0.89001934, 0.90004085, 0.91010256, 0.92018351, 0.93025118, 0.94029079, 0.95030438, 0.96029366, 0.97025741, 0.98019484, 1.), .UNSPECIFIED.);
#964 = DIRECTION('', (1., -0., 0.));
#965 = VECTOR('', #964, 1.);
#966 = CARTESIAN_POINT('', (-68.5, 70., 170.5));
#967 = LINE('', #966, #965);
#968 = CARTESIAN_POINT('', (-68.5, 68.5, 172.));
#969 = CARTESIAN_POINT('', (-68.51337476, 68.51337476, 171.99999999));
#970 = CARTESIAN_POINT('', (-68.53346044, 68.53346044, 171.99973138));
#971 = CARTESIAN_POINT('', (-68.56026761, 68.56026761, 171.99883401));
#972 = CARTESIAN_POINT('', (-68.58044228, 68.58044228, 171.99788698));
#973 = CARTESIAN_POINT('', (-68.60066099, 68.60066099, 171.99666447));
#974 = CARTESIAN_POINT('', (-68.62092162, 68.62092162, 171.99516419));
#975 = CARTESIAN_POINT('', (-68.6412241, 68.6412241, 171.99338363));
#976 = CARTESIAN_POINT('', (-68.661559, 68.661559, 171.99132101));
#977 = CARTESIAN_POINT('', (-68.68189331, 68.68189331, 171.98897771));
#978 = CARTESIAN_POINT('', (-68.70217851, 68.70217851, 171.98635899));
#979 = CARTESIAN_POINT('', (-68.7223832, 68.7223832, 171.98347032));
#980 = CARTESIAN_POINT('', (-68.74251057, 68.74251057, 171.98031307));
#981 = CARTESIAN_POINT('', (-68.76257662, 68.76257662, 171.97688579));
#982 = CARTESIAN_POINT('', (-68.78258724, 68.78258724, 171.97318785));
#983 = CARTESIAN_POINT('', (-68.80254592, 68.80254592, 171.96921883));
#984 = CARTESIAN_POINT('', (-68.82247166, 68.82247166, 171.96497461));
#985 = CARTESIAN_POINT('', (-68.8423916, 68.8423916, 171.96044773));
#986 = CARTESIAN_POINT('', (-68.86232019, 68.86232019, 171.95563208));
#987 = CARTESIAN_POINT('', (-68.88225586, 68.88225586, 171.95052478));
#988 = CARTESIAN_POINT('', (-68.90219216, 68.90219216, 171.94512428));
#989 = CARTESIAN_POINT('', (-68.92212377, 68.92212377, 171.9394288));
#990 = CARTESIAN_POINT('', (-68.94203839, 68.94203839, 171.93343876));
#991 = CARTESIAN_POINT('', (-68.96191027, 68.96191027, 171.92715939));
#992 = CARTESIAN_POINT('', (-68.98170882, 68.98170882, 171.92059905));
#993 = CARTESIAN_POINT('', (-69.00141691, 69.00141691, 171.9137631));
#994 = CARTESIAN_POINT('', (-69.02103731, 69.02103731, 171.90665042));
#995 = CARTESIAN_POINT('', (-69.04057794, 69.04057794, 171.89925738));
#996 = CARTESIAN_POINT('', (-69.06004031, 69.06004031, 171.89158217));
#997 = CARTESIAN_POINT('', (-69.07942638, 69.07942638, 171.88362267));
#998 = CARTESIAN_POINT('', (-69.09874901, 69.09874901, 171.87537166));
#999 = CARTESIAN_POINT('', (-69.11802552, 69.11802552, 171.86681869));
#1000 = CARTESIAN_POINT('', (-69.13726375, 69.13726375, 171.85795624));
#1001 = CARTESIAN_POINT('', (-69.15646048, 69.15646048, 171.84878138));
#1002 = CARTESIAN_POINT('', (-69.1756089, 69.1756089, 171.83929292));
#1003 = CARTESIAN_POINT('', (-69.19470236, 69.19470236, 171.8294897));
#1004 = CARTESIAN_POINT('', (-69.21372977, 69.21372977, 171.81937304));
#1005 = CARTESIAN_POINT('', (-69.23267271, 69.23267271, 171.80894882));
#1006 = CARTESIAN_POINT('', (-69.25151132, 69.25151132, 171.79822483));
#1007 = CARTESIAN_POINT('', (-69.27023463, 69.27023463, 171.78720483));
#1008 = CARTESIAN_POINT('', (-69.28884355, 69.28884355, 171.77588574));
#1009 = CARTESIAN_POINT('', (-69.30734215, 69.30734215, 171.76426195));
#1010 = CARTESIAN_POINT('', (-69.32573068, 69.32573068, 171.75232965));
#1011 = CARTESIAN_POINT('', (-69.34400857, 69.34400857, 171.74008526));
#1012 = CARTESIAN_POINT('', (-69.36217962, 69.36217962, 171.72752177));
#1013 = CARTESIAN_POINT('', (-69.38024893, 69.38024893, 171.71463035));
#1014 = CARTESIAN_POINT('', (-69.39821623, 69.39821623, 171.70140517));
#1015 = CARTESIAN_POINT('', (-69.41607548, 69.41607548, 171.68784434));
#1016 = CARTESIAN_POINT('', (-69.43381839, 69.43381839, 171.67394777));
#1017 = CARTESIAN_POINT('', (-69.45143592, 69.45143592, 171.65971613));
#1018 = CARTESIAN_POINT('', (-69.46891743, 69.46891743, 171.64515169));
#1019 = CARTESIAN_POINT('', (-69.48625172, 69.48625172, 171.63025767));
#1020 = CARTESIAN_POINT('', (-69.50342995, 69.50342995, 171.61503573));
#1021 = CARTESIAN_POINT('', (-69.52044719, 69.52044719, 171.59948418));
#1022 = CARTESIAN_POINT('', (-69.53730222, 69.53730222, 171.58359761));
#1023 = CARTESIAN_POINT('', (-69.55067695, 69.55067695, 171.57059463));
#1024 = CARTESIAN_POINT('', (-69.55843292, 69.55843292, 171.56288742));
#1025 = CARTESIAN_POINT('', (-69.56066017, 69.56066017, 171.56066017));
#1026 = B_SPLINE_CURVE_WITH_KNOTS('', 3, (#968, #969, #970, #971, #972, #973, #974, #975, #976, #977, #978, #979, #980, #981, #982, #983, #984, #985, #986, #987, #988, #989, #990, #991, #992, #993, #994, #995, #996, #997, #998, #999, #1000, #1001, #1002, #1003, #1004, #1005, #1006, #1007, #1008, #1009, #1010, #1011, #1012, #1013, #1014, #1015, #1016, #1017, #1018, #1019, #1020, #1021, #1022, #1023, #1024, #1025), .UNSPECIFIED., .F., .F., (4, 1, 1, 1, 1, 1, 1, 1, 1, 1, 1, 1, 1, 1, 1, 1, 1, 1, 1, 1, 1, 1, 1, 1, 1, 1, 1, 1, 1, 1, 1, 1, 1, 1, 1, 1, 1, 1, 1, 1, 1, 1, 1, 1, 1, 1, 1, 1, 1, 1, 1, 1, 1, 1, 1, 4), (0., 0.01980517, 0.0297426, 0.03970637, 0.04969565, 0.05970919, 0.06974879, 0.07981668, 0.08989783, 0.09995899, 0.10997925, 0.1199688, 0.12994575, 0.13990835, 0.14985181, 0.15979069, 0.16974654, 0.17972702, 0.18972799, 0.19974708, 0.20978472, 0.21983851, 0.22989557, 0.23993593, 0.24994948, 0.25994358, 0.26992846, 0.27990212, 0.28986229, 0.29981996, 0.30979021, 0.31977812, 0.32978048, 0.33979541, 0.34982251, 0.35985895, 0.36989587, 0.37992118, 0.38992947, 0.39992579, 0.40991712, 0.41990352, 0.42988422, 0.43986513, 0.44985386, 0.45985235, 0.46985817, 0.4798697, 0.48988523, 0.4999012, 0.50991334, 0.51991896, 0.52991853, 0.53991481, 0.54991207, 0.55395136), .UNSPECIFIED.);
#1027 = CARTESIAN_POINT('', (69.56066017, 69.56066017, 171.56066017));
#1028 = CARTESIAN_POINT('', (69.55842541, 69.55842541, 171.56289493));
#1029 = CARTESIAN_POINT('', (69.5506566, 69.5506566, 171.57061474));
#1030 = CARTESIAN_POINT('', (69.53726111, 69.53726111, 171.58363716));
#1031 = CARTESIAN_POINT('', (69.52038623, 69.52038623, 171.59954096));
#1032 = CARTESIAN_POINT('', (69.50335209, 69.50335209, 171.61510591));
#1033 = CARTESIAN_POINT('', (69.48616782, 69.48616782, 171.63033085));
#1034 = CARTESIAN_POINT('', (69.46884231, 69.46884231, 171.64521509));
#1035 = CARTESIAN_POINT('', (69.45138466, 69.45138466, 171.65975791));
#1036 = CARTESIAN_POINT('', (69.43380214, 69.43380214, 171.67396037));
#1037 = CARTESIAN_POINT('', (69.41609666, 69.41609666, 171.68782772));
#1038 = CARTESIAN_POINT('', (69.39826601, 69.39826601, 171.70136778));
#1039 = CARTESIAN_POINT('', (69.38031068, 69.38031068, 171.71458558));
#1040 = CARTESIAN_POINT('', (69.36223485, 69.36223485, 171.72748309));
#1041 = CARTESIAN_POINT('', (69.34403844, 69.34403844, 171.74006518));
#1042 = CARTESIAN_POINT('', (69.3257145, 69.3257145, 171.75234073));
#1043 = CARTESIAN_POINT('', (69.30726015, 69.30726015, 171.76431483));
#1044 = CARTESIAN_POINT('', (69.28868776, 69.28868776, 171.77598255));
#1045 = CARTESIAN_POINT('', (69.27001923, 69.27001923, 171.787334));
#1046 = CARTESIAN_POINT('', (69.25127221, 69.25127221, 171.79836321));
#1047 = CARTESIAN_POINT('', (69.23245495, 69.23245495, 171.80907038));
#1048 = CARTESIAN_POINT('', (69.2135724, 69.2135724, 171.81945767));
#1049 = CARTESIAN_POINT('', (69.19463176, 69.19463176, 171.82952599));
#1050 = CARTESIAN_POINT('', (69.1756373, 69.1756373, 171.83927797));
#1051 = CARTESIAN_POINT('', (69.1565818, 69.1565818, 171.84872182));
#1052 = CARTESIAN_POINT('', (69.13744922, 69.13744922, 171.85786894));
#1053 = CARTESIAN_POINT('', (69.11822965, 69.11822965, 171.86672643));
#1054 = CARTESIAN_POINT('', (69.09892491, 69.09892491, 171.87529537));
#1055 = CARTESIAN_POINT('', (69.07953547, 69.07953547, 171.88357745));
#1056 = CARTESIAN_POINT('', (69.06005233, 69.06005233, 171.89157794));
#1057 = CARTESIAN_POINT('', (69.04047047, 69.04047047, 171.89929958));
#1058 = CARTESIAN_POINT('', (69.02080568, 69.02080568, 171.90673685));
#1059 = CARTESIAN_POINT('', (68.99890703, 68.99890703, 171.91467022));
#1060 = CARTESIAN_POINT('', (68.9747811, 68.9747811, 171.92296869));
#1061 = CARTESIAN_POINT('', (68.94842216, 68.94842216, 171.931493));
#1062 = CARTESIAN_POINT('', (68.92423467, 68.92423467, 171.93882567));
#1063 = CARTESIAN_POINT('', (68.90223954, 68.90223954, 171.94511035));
#1064 = CARTESIAN_POINT('', (68.88244013, 68.88244013, 171.95047558));
#1065 = CARTESIAN_POINT('', (68.8626037, 68.8626037, 171.95556112));
#1066 = CARTESIAN_POINT('', (68.84271179, 68.84271179, 171.96037263));
#1067 = CARTESIAN_POINT('', (68.82275765, 68.82275765, 171.96491197));
#1068 = CARTESIAN_POINT('', (68.80273605, 68.80273605, 171.96918026));
#1069 = CARTESIAN_POINT('', (68.78263705, 68.78263705, 171.97317904));
#1070 = CARTESIAN_POINT('', (68.76021636, 68.76021636, 171.97732192));
#1071 = CARTESIAN_POINT('', (68.73549068, 68.73549068, 171.98148348));
#1072 = CARTESIAN_POINT('', (68.70849172, 68.70849172, 171.98552313));
#1073 = CARTESIAN_POINT('', (68.68375674, 68.68375674, 171.98876562));
#1074 = CARTESIAN_POINT('', (68.66130651, 68.66130651, 171.99134754));
#1075 = CARTESIAN_POINT('', (68.64115199, 68.64115199, 171.99338959));
#1076 = CARTESIAN_POINT('', (68.62103509, 68.62103509, 171.99515417));
#1077 = CARTESIAN_POINT('', (68.60093903, 68.60093903, 171.99664506));
#1078 = CARTESIAN_POINT('', (68.58082936, 68.58082936, 171.99786581));
#1079 = CARTESIAN_POINT('', (68.56067534, 68.56067534, 171.9988177));
#1080 = CARTESIAN_POINT('', (68.53372788, 68.53372788, 171.99972698));
#1081 = CARTESIAN_POINT('', (68.51349418, 68.51349418, 171.99999999));
#1082 = CARTESIAN_POINT('', (68.5, 68.5, 172.));
#1083 = B_SPLINE_CURVE_WITH_KNOTS('', 3, (#1027, #1028, #1029, #1030, #1031, #1032, #1033, #1034, #1035, #1036, #1037, #1038, #1039, #1040, #1041, #1042, #1043, #1044, #1045, #1046, #1047, #1048, #1049, #1050, #1051, #1052, #1053, #1054, #1055, #1056, #1057, #1058, #1059, #1060, #1061, #1062, #1063, #1064, #1065, #1066, #1067, #1068, #1069, #1070, #1071, #1072, #1073, #1074, #1075, #1076, #1077, #1078, #1079, #1080, #1081, #1082), .UNSPECIFIED., .F., .F., (4, 1, 1, 1, 1, 1, 1, 1, 1, 1, 1, 1, 1, 1, 1, 1, 1, 1, 1, 1, 1, 1, 1, 1, 1, 1, 1, 1, 1, 1, 1, 1, 1, 1, 1, 1, 1, 1, 1, 1, 1, 1, 1, 1, 1, 1, 1, 1, 1, 1, 1, 1, 1, 4), (0.44604885, 0.45010175, 0.46010857, 0.47011857, 0.48012933, 0.49013868, 0.50014516, 0.51014665, 0.52014041, 0.53012804, 0.54011624, 0.55010866, 0.56010182, 0.57009588, 0.58010129, 0.59012544, 0.60016115, 0.61019388, 0.62021587, 0.63022721, 0.64022852, 0.65021721, 0.66018959, 0.6701509, 0.68011634, 0.69009553, 0.70008354, 0.71007707, 0.72008774, 0.73012506, 0.74017927, 0.75022998, 0.76359885, 0.77694538, 0.79026747, 0.80022836, 0.81017313, 0.82011918, 0.83008025, 0.84005618, 0.85004648, 0.86006256, 0.87011123, 0.8835285, 0.89693375, 0.91031227, 0.92031213, 0.93028709, 0.94023297, 0.95015788, 0.96008565, 0.97003819, 0.98001799, 1.), .UNSPECIFIED.);
#1084 = DIRECTION('', (-1., -0., 0.));
#1085 = VECTOR('', #1084, 1.);
#1086 = CARTESIAN_POINT('', (68.5, 68.5, 172.));
#1087 = LINE('', #1086, #1085);
#1088 = DIRECTION('', (0., -1., 0.));
#1089 = VECTOR('', #1088, 1.);
#1090 = CARTESIAN_POINT('', (-68.5, 68.5, 172.));
#1091 = LINE('', #1090, #1089);
#1092 = CARTESIAN_POINT('', (-69.56066017, 69.56066017, 171.56066017));
#1093 = CARTESIAN_POINT('', (-69.56288744, 69.5584329, 171.5584329));
#1094 = CARTESIAN_POINT('', (-69.57059469, 69.5506769, 171.5506769));
#1095 = CARTESIAN_POINT('', (-69.58359772, 69.53730211, 171.53730211));
#1096 = CARTESIAN_POINT('', (-69.59948434, 69.52044702, 171.52044702));
#1097 = CARTESIAN_POINT('', (-69.61503591, 69.50342975, 171.50342975));
#1098 = CARTESIAN_POINT('', (-69.63025784, 69.48625153, 171.48625153));
#1099 = CARTESIAN_POINT('', (-69.64515184, 69.46891725, 171.46891725));
#1100 = CARTESIAN_POINT('', (-69.65971626, 69.45143576, 171.45143576));
#1101 = CARTESIAN_POINT('', (-69.67394789, 69.43381825, 171.43381825));
#1102 = CARTESIAN_POINT('', (-69.68784446, 69.41607533, 171.41607533));
#1103 = CARTESIAN_POINT('', (-69.70140529, 69.39821607, 171.39821607));
#1104 = CARTESIAN_POINT('', (-69.71463044, 69.3802488, 171.3802488));
#1105 = CARTESIAN_POINT('', (-69.72752183, 69.36217954, 171.36217954));
#1106 = CARTESIAN_POINT('', (-69.74008539, 69.34400838, 171.34400838));
#1107 = CARTESIAN_POINT('', (-69.75233008, 69.32573004, 171.32573004));
#1108 = CARTESIAN_POINT('', (-69.7642628, 69.30734083, 171.30734083));
#1109 = CARTESIAN_POINT('', (-69.77588682, 69.2888418, 171.2888418));
#1110 = CARTESIAN_POINT('', (-69.78720579, 69.27023303, 171.27023303));
#1111 = CARTESIAN_POINT('', (-69.79822544, 69.25151027, 171.25151027));
#1112 = CARTESIAN_POINT('', (-69.80894912, 69.23267218, 171.23267218));
#1113 = CARTESIAN_POINT('', (-69.81937319, 69.21372949, 171.21372949));
#1114 = CARTESIAN_POINT('', (-69.82948981, 69.19470214, 171.19470214));
#1115 = CARTESIAN_POINT('', (-69.83929303, 69.17560868, 171.17560868));
#1116 = CARTESIAN_POINT('', (-69.84878147, 69.15646028, 171.15646028));
#1117 = CARTESIAN_POINT('', (-69.85795632, 69.13726358, 171.13726358));
#1118 = CARTESIAN_POINT('', (-69.86681879, 69.11802531, 171.11802531));
#1119 = CARTESIAN_POINT('', (-69.87537178, 69.09874874, 171.09874874));
#1120 = CARTESIAN_POINT('', (-69.8836227, 69.07942631, 171.07942631));
#1121 = CARTESIAN_POINT('', (-69.89158189, 69.06004099, 171.06004099));
#1122 = CARTESIAN_POINT('', (-69.89925674, 69.04057956, 171.04057956));
#1123 = CARTESIAN_POINT('', (-69.90664972, 69.02103921, 171.02103921));
#1124 = CARTESIAN_POINT('', (-69.9137627, 69.00141805, 171.00141805));
#1125 = CARTESIAN_POINT('', (-69.92059905, 68.98170881, 170.98170881));
#1126 = CARTESIAN_POINT('', (-69.92715959, 68.96190967, 170.96190967));
#1127 = CARTESIAN_POINT('', (-69.93343891, 68.94203788, 170.94203788));
#1128 = CARTESIAN_POINT('', (-69.93942887, 68.92212354, 170.92212354));
#1129 = CARTESIAN_POINT('', (-69.94512432, 68.90219202, 170.90219202));
#1130 = CARTESIAN_POINT('', (-69.95052483, 68.8822557, 170.8822557));
#1131 = CARTESIAN_POINT('', (-69.95563211, 68.86232005, 170.86232005));
#1132 = CARTESIAN_POINT('', (-69.96044777, 68.84239142, 170.84239142));
#1133 = CARTESIAN_POINT('', (-69.96497467, 68.82247138, 170.82247138));
#1134 = CARTESIAN_POINT('', (-69.96921882, 68.80254596, 170.80254596));
#1135 = CARTESIAN_POINT('', (-69.9731876, 68.78258849, 170.78258849));
#1136 = CARTESIAN_POINT('', (-69.97688527, 68.76257948, 170.76257948));
#1137 = CARTESIAN_POINT('', (-69.9803125, 68.74251408, 170.74251408));
#1138 = CARTESIAN_POINT('', (-69.98346995, 68.72238572, 170.72238572));
#1139 = CARTESIAN_POINT('', (-69.98635889, 68.7021793, 170.7021793));
#1140 = CARTESIAN_POINT('', (-69.98897775, 68.68189303, 170.68189303));
#1141 = CARTESIAN_POINT('', (-69.99132105, 68.66155863, 170.66155863));
#1142 = CARTESIAN_POINT('', (-69.99338364, 68.641224, 170.641224));
#1143 = CARTESIAN_POINT('', (-69.99516419, 68.62092163, 170.62092163));
#1144 = CARTESIAN_POINT('', (-69.99666447, 68.60066096, 170.60066096));
#1145 = CARTESIAN_POINT('', (-69.99788698, 68.58044224, 170.58044224));
#1146 = CARTESIAN_POINT('', (-69.99883401, 68.56026759, 170.56026759));
#1147 = CARTESIAN_POINT('', (-69.99973138, 68.53346043, 170.53346043));
#1148 = CARTESIAN_POINT('', (-69.99999999, 68.51337476, 170.51337476));
#1149 = CARTESIAN_POINT('', (-70., 68.5, 170.5));
#1150 = B_SPLINE_CURVE_WITH_KNOTS('', 3, (#1092, #1093, #1094, #1095, #1096, #1097, #1098, #1099, #1100, #1101, #1102, #1103, #1104, #1105, #1106, #1107, #1108, #1109, #1110, #1111, #1112, #1113, #1114, #1115, #1116, #1117, #1118, #1119, #1120, #1121, #1122, #1123, #1124, #1125, #1126, #1127, #1128, #1129, #1130, #1131, #1132, #1133, #1134, #1135, #1136, #1137, #1138, #1139, #1140, #1141, #1142, #1143, #1144, #1145, #1146, #1147, #1148, #1149), .UNSPECIFIED., .F., .F., (4, 1, 1, 1, 1, 1, 1, 1, 1, 1, 1, 1, 1, 1, 1, 1, 1, 1, 1, 1, 1, 1, 1, 1, 1, 1, 1, 1, 1, 1, 1, 1, 1, 1, 1, 1, 1, 1, 1, 1, 1, 1, 1, 1, 1, 1, 1, 1, 1, 1, 1, 1, 1, 1, 1, 4), (0.44604864, 0.45008796, 0.46008526, 0.47008157, 0.48008116, 0.49008678, 0.5000989, 0.51011486, 0.52013038, 0.53014191, 0.54014774, 0.55014623, 0.5601349, 0.57011579, 0.58009675, 0.59008365, 0.60007531, 0.61007148, 0.62007935, 0.63010434, 0.64014117, 0.65017761, 0.66020471, 0.67021963, 0.68022197, 0.69020986, 0.7001802, 0.71013789, 0.72009764, 0.73007055, 0.74005515, 0.75004986, 0.76006426, 0.77010491, 0.78016174, 0.79021532, 0.80025299, 0.81027212, 0.82027304, 0.8302535, 0.84020949, 0.8501484, 0.86009121, 0.87005261, 0.88002901, 0.89001934, 0.90004085, 0.91010256, 0.92018351, 0.93025118, 0.94029079, 0.95030438, 0.96029366, 0.97025741, 0.98019484, 1.), .UNSPECIFIED.);
#1151 = DIRECTION('', (0., -1., 0.));
#1152 = VECTOR('', #1151, 1.);
#1153 = CARTESIAN_POINT('', (-70., 68.5, 1.5));
#1154 = LINE('', #1153, #1152);
#1155 = DIRECTION('', (0., -0., 1.));
#1156 = VECTOR('', #1155, 1.);
#1157 = CARTESIAN_POINT('', (-70., -68.5, 1.5));
#1158 = LINE('', #1157, #1156);
#1159 = DIRECTION('', (0., -0., 1.));
#1160 = VECTOR('', #1159, 1.);
#1161 = CARTESIAN_POINT('', (-70., 68.5, 1.5));
#1162 = LINE('', #1161, #1160);
#1163 = DIRECTION('', (1., -0., 0.));
#1164 = VECTOR('', #1163, 1.);
#1165 = CARTESIAN_POINT('', (-68.5, -68.5, 0.));
#1166 = LINE('', #1165, #1164);
#1167 = CARTESIAN_POINT('', (-68.5, -70., 1.5));
#1168 = CARTESIAN_POINT('', (-68.51349546, -69.99999999, 1.48650454));
#1169 = CARTESIAN_POINT('', (-68.53372992, -69.99972695, 1.46627008));
#1170 = CARTESIAN_POINT('', (-68.56067754, -69.99881761, 1.43932246));
#1171 = CARTESIAN_POINT('', (-68.58083019, -69.99786576, 1.41916981));
#1172 = CARTESIAN_POINT('', (-68.60093903, -69.99664506, 1.39906097));
#1173 = CARTESIAN_POINT('', (-68.62103489, -69.99515419, 1.37896511));
#1174 = CARTESIAN_POINT('', (-68.64115185, -69.9933896, 1.35884815));
#1175 = CARTESIAN_POINT('', (-68.6613064, -69.99134755, 1.3386936));
#1176 = CARTESIAN_POINT('', (-68.68375662, -69.98876563, 1.31624338));
#1177 = CARTESIAN_POINT('', (-68.70849177, -69.98552312, 1.29150823));
#1178 = CARTESIAN_POINT('', (-68.73549108, -69.98148342, 1.26450892));
#1179 = CARTESIAN_POINT('', (-68.76021691, -69.97732182, 1.23978309));
#1180 = CARTESIAN_POINT('', (-68.78263683, -69.97317908, 1.21736317));
#1181 = CARTESIAN_POINT('', (-68.80273432, -69.96918061, 1.19726568));
#1182 = CARTESIAN_POINT('', (-68.82275485, -69.96491259, 1.17724515));
#1183 = CARTESIAN_POINT('', (-68.84270929, -69.96037323, 1.15729071));
#1184 = CARTESIAN_POINT('', (-68.8626024, -69.95556145, 1.1373976));
#1185 = CARTESIAN_POINT('', (-68.88243978, -69.95047568, 1.11756022));
#1186 = CARTESIAN_POINT('', (-68.90223944, -69.94511038, 1.09776056));
#1187 = CARTESIAN_POINT('', (-68.92423446, -69.93882573, 1.07576554));
#1188 = CARTESIAN_POINT('', (-68.94842187, -69.93149309, 1.05157813));
#1189 = CARTESIAN_POINT('', (-68.97478079, -69.92296879, 1.02521921));
#1190 = CARTESIAN_POINT('', (-68.99890681, -69.9146703, 1.00109319));
#1191 = CARTESIAN_POINT('', (-69.02080566, -69.90673686, 0.97919434));
#1192 = CARTESIAN_POINT('', (-69.0404705, -69.89929957, 0.9595295));
#1193 = CARTESIAN_POINT('', (-69.06005185, -69.89157813, 0.93994815));
#1194 = CARTESIAN_POINT('', (-69.07953407, -69.88357803, 0.92046593));
#1195 = CARTESIAN_POINT('', (-69.09892293, -69.87529623, 0.90107707));
#1196 = CARTESIAN_POINT('', (-69.11822795, -69.8667272, 0.88177205));
#1197 = CARTESIAN_POINT('', (-69.13744832, -69.85786937, 0.86255168));
#1198 = CARTESIAN_POINT('', (-69.15658152, -69.84872196, 0.84341848));
#1199 = CARTESIAN_POINT('', (-69.17563718, -69.83927804, 0.82436282));
#1200 = CARTESIAN_POINT('', (-69.19463157, -69.82952609, 0.80536843));
#1201 = CARTESIAN_POINT('', (-69.21357217, -69.8194578, 0.78642783));
#1202 = CARTESIAN_POINT('', (-69.23245473, -69.80907051, 0.76754527));
#1203 = CARTESIAN_POINT('', (-69.25127199, -69.79836334, 0.74872801));
#1204 = CARTESIAN_POINT('', (-69.27001902, -69.78733413, 0.72998098));
#1205 = CARTESIAN_POINT('', (-69.28868759, -69.77598265, 0.71131241));
#1206 = CARTESIAN_POINT('', (-69.30725997, -69.76431494, 0.69274003));
#1207 = CARTESIAN_POINT('', (-69.32571411, -69.75234098, 0.67428589));
#1208 = CARTESIAN_POINT('', (-69.34403774, -69.74006565, 0.65596226));
#1209 = CARTESIAN_POINT('', (-69.36223398, -69.72748371, 0.63776602));
#1210 = CARTESIAN_POINT('', (-69.38030997, -69.7145861, 0.61969003));
#1211 = CARTESIAN_POINT('', (-69.39826563, -69.70136807, 0.60173437));
#1212 = CARTESIAN_POINT('', (-69.41609651, -69.68782783, 0.58390349));
#1213 = CARTESIAN_POINT('', (-69.43380206, -69.67396043, 0.56619794));
#1214 = CARTESIAN_POINT('', (-69.45138455, -69.659758, 0.54861545));
#1215 = CARTESIAN_POINT('', (-69.46884218, -69.6452152, 0.53115782));
#1216 = CARTESIAN_POINT('', (-69.48616769, -69.63033096, 0.51383231));
#1217 = CARTESIAN_POINT('', (-69.50335196, -69.61510602, 0.49664804));
#1218 = CARTESIAN_POINT('', (-69.52038609, -69.59954109, 0.47961391));
#1219 = CARTESIAN_POINT('', (-69.53726095, -69.58363731, 0.46273905));
#1220 = CARTESIAN_POINT('', (-69.55065649, -69.57061484, 0.44934351));
#1221 = CARTESIAN_POINT('', (-69.55842536, -69.56289498, 0.44157464));
#1222 = CARTESIAN_POINT('', (-69.56066017, -69.56066017, 0.43933983));
#1223 = B_SPLINE_CURVE_WITH_KNOTS('', 3, (#1167, #1168, #1169, #1170, #1171, #1172, #1173, #1174, #1175, #1176, #1177, #1178, #1179, #1180, #1181, #1182, #1183, #1184, #1185, #1186, #1187, #1188, #1189, #1190, #1191, #1192, #1193, #1194, #1195, #1196, #1197, #1198, #1199, #1200, #1201, #1202, #1203, #1204, #1205, #1206, #1207, #1208, #1209, #1210, #1211, #1212, #1213, #1214, #1215, #1216, #1217, #1218, #1219, #1220, #1221, #1222), .UNSPECIFIED., .F., .F., (4, 1, 1, 1, 1, 1, 1, 1, 1, 1, 1, 1, 1, 1, 1, 1, 1, 1, 1, 1, 1, 1, 1, 1, 1, 1, 1, 1, 1, 1, 1, 1, 1, 1, 1, 1, 1, 1, 1, 1, 1, 1, 1, 1, 1, 1, 1, 1, 1, 1, 1, 1, 1, 4), (0., 0.01998391, 0.02996292, 0.0399146, 0.04984199, 0.05976691, 0.06971286, 0.07968783, 0.08968767, 0.10306618, 0.11647169, 0.12988925, 0.13993759, 0.14995256, 0.15994205, 0.16991829, 0.17988031, 0.18982689, 0.19977162, 0.20973239, 0.22305448, 0.23640099, 0.24976986, 0.25982072, 0.26987509, 0.27991216, 0.28992214, 0.29991519, 0.30990347, 0.31988329, 0.32984908, 0.33981036, 0.34978266, 0.35977135, 0.36977269, 0.37978401, 0.38980598, 0.39983876, 0.40987451, 0.41989855, 0.4299037, 0.43989761, 0.4498909, 0.45988358, 0.46987193, 0.47985955, 0.48985328, 0.49985476, 0.50986125, 0.5198706, 0.52988135, 0.53989134, 0.54989815, 0.55395115), .UNSPECIFIED.);
#1224 = DIRECTION('', (1., -0., 0.));
#1225 = VECTOR('', #1224, 1.);
#1226 = CARTESIAN_POINT('', (-68.5, -70., 1.5));
#1227 = LINE('', #1226, #1225);
#1228 = CARTESIAN_POINT('', (-68.5, -68.5, -0.));
#1229 = CARTESIAN_POINT('', (-68.51337476, -68.51337476, 0.00000001));
#1230 = CARTESIAN_POINT('', (-68.53346044, -68.53346044, 0.00026862));
#1231 = CARTESIAN_POINT('', (-68.56026761, -68.56026761, 0.00116599));
#1232 = CARTESIAN_POINT('', (-68.58044228, -68.58044228, 0.00211302));
#1233 = CARTESIAN_POINT('', (-68.60066099, -68.60066099, 0.00333553));
#1234 = CARTESIAN_POINT('', (-68.62092162, -68.62092162, 0.00483581));
#1235 = CARTESIAN_POINT('', (-68.6412241, -68.6412241, 0.00661637));
#1236 = CARTESIAN_POINT('', (-68.66155899, -68.66155899, 0.00867899));
#1237 = CARTESIAN_POINT('', (-68.6818933, -68.6818933, 0.01102229));
#1238 = CARTESIAN_POINT('', (-68.70217852, -68.70217852, 0.01364101));
#1239 = CARTESIAN_POINT('', (-68.72238324, -68.72238324, 0.01652969));
#1240 = CARTESIAN_POINT('', (-68.74251063, -68.74251063, 0.01968694));
#1241 = CARTESIAN_POINT('', (-68.76257667, -68.76257667, 0.02311422));
#1242 = CARTESIAN_POINT('', (-68.78258727, -68.78258727, 0.02681216));
#1243 = CARTESIAN_POINT('', (-68.80254592, -68.80254592, 0.03078117));
#1244 = CARTESIAN_POINT('', (-68.82247166, -68.82247166, 0.03502539));
#1245 = CARTESIAN_POINT('', (-68.8423916, -68.8423916, 0.03955227));
#1246 = CARTESIAN_POINT('', (-68.86232019, -68.86232019, 0.04436792));
#1247 = CARTESIAN_POINT('', (-68.88225586, -68.88225586, 0.04947522));
#1248 = CARTESIAN_POINT('', (-68.90219216, -68.90219216, 0.05487572));
#1249 = CARTESIAN_POINT('', (-68.92212377, -68.92212377, 0.06057119));
#1250 = CARTESIAN_POINT('', (-68.94203838, -68.94203838, 0.06656124));
#1251 = CARTESIAN_POINT('', (-68.96191026, -68.96191026, 0.07284061));
#1252 = CARTESIAN_POINT('', (-68.98170882, -68.98170882, 0.07940095));
#1253 = CARTESIAN_POINT('', (-69.00141693, -69.00141693, 0.08623691));
#1254 = CARTESIAN_POINT('', (-69.02103734, -69.02103734, 0.09334959));
#1255 = CARTESIAN_POINT('', (-69.04057797, -69.04057797, 0.10074263));
#1256 = CARTESIAN_POINT('', (-69.06004033, -69.06004033, 0.10841783));
#1257 = CARTESIAN_POINT('', (-69.07942638, -69.07942638, 0.11637732));
#1258 = CARTESIAN_POINT('', (-69.098749, -69.098749, 0.12462833));
#1259 = CARTESIAN_POINT('', (-69.11802551, -69.11802551, 0.1331813));
#1260 = CARTESIAN_POINT('', (-69.13726375, -69.13726375, 0.14204376));
#1261 = CARTESIAN_POINT('', (-69.15646048, -69.15646048, 0.15121862));
#1262 = CARTESIAN_POINT('', (-69.17560889, -69.17560889, 0.16070708));
#1263 = CARTESIAN_POINT('', (-69.19470236, -69.19470236, 0.1705103));
#1264 = CARTESIAN_POINT('', (-69.21372977, -69.21372977, 0.18062695));
#1265 = CARTESIAN_POINT('', (-69.2326727, -69.2326727, 0.19105117));
#1266 = CARTESIAN_POINT('', (-69.2515113, -69.2515113, 0.20177516));
#1267 = CARTESIAN_POINT('', (-69.27023461, -69.27023461, 0.21279515));
#1268 = CARTESIAN_POINT('', (-69.28884352, -69.28884352, 0.22411424));
#1269 = CARTESIAN_POINT('', (-69.30734213, -69.30734213, 0.23573803));
#1270 = CARTESIAN_POINT('', (-69.32573067, -69.32573067, 0.24767034));
#1271 = CARTESIAN_POINT('', (-69.34400856, -69.34400856, 0.25991473));
#1272 = CARTESIAN_POINT('', (-69.36217962, -69.36217962, 0.27247823));
#1273 = CARTESIAN_POINT('', (-69.38024893, -69.38024893, 0.28536965));
#1274 = CARTESIAN_POINT('', (-69.39821622, -69.39821622, 0.29859483));
#1275 = CARTESIAN_POINT('', (-69.41607548, -69.41607548, 0.31215565));
#1276 = CARTESIAN_POINT('', (-69.43381839, -69.43381839, 0.32605223));
#1277 = CARTESIAN_POINT('', (-69.45143592, -69.45143592, 0.34028387));
#1278 = CARTESIAN_POINT('', (-69.46891742, -69.46891742, 0.35484831));
#1279 = CARTESIAN_POINT('', (-69.48625172, -69.48625172, 0.36974233));
#1280 = CARTESIAN_POINT('', (-69.50342995, -69.50342995, 0.38496427));
#1281 = CARTESIAN_POINT('', (-69.52044718, -69.52044718, 0.40051581));
#1282 = CARTESIAN_POINT('', (-69.53730222, -69.53730222, 0.41640239));
#1283 = CARTESIAN_POINT('', (-69.55067695, -69.55067695, 0.42940537));
#1284 = CARTESIAN_POINT('', (-69.55843292, -69.55843292, 0.43711258));
#1285 = CARTESIAN_POINT('', (-69.56066017, -69.56066017, 0.43933983));
#1286 = B_SPLINE_CURVE_WITH_KNOTS('', 3, (#1228, #1229, #1230, #1231, #1232, #1233, #1234, #1235, #1236, #1237, #1238, #1239, #1240, #1241, #1242, #1243, #1244, #1245, #1246, #1247, #1248, #1249, #1250, #1251, #1252, #1253, #1254, #1255, #1256, #1257, #1258, #1259, #1260, #1261, #1262, #1263, #1264, #1265, #1266, #1267, #1268, #1269, #1270, #1271, #1272, #1273, #1274, #1275, #1276, #1277, #1278, #1279, #1280, #1281, #1282, #1283, #1284, #1285), .UNSPECIFIED., .F., .F., (4, 1, 1, 1, 1, 1, 1, 1, 1, 1, 1, 1, 1, 1, 1, 1, 1, 1, 1, 1, 1, 1, 1, 1, 1, 1, 1, 1, 1, 1, 1, 1, 1, 1, 1, 1, 1, 1, 1, 1, 1, 1, 1, 1, 1, 1, 1, 1, 1, 1, 1, 1, 1, 1, 1, 4), (0., 0.01980517, 0.0297426, 0.03970637, 0.04969565, 0.05970919, 0.06974879, 0.07981668, 0.08989782, 0.099959, 0.10997928, 0.11996884, 0.12994578, 0.13990836, 0.14985181, 0.15979068, 0.16974654, 0.17972702, 0.18972799, 0.19974708, 0.20978472, 0.2198385, 0.22989556, 0.23993593, 0.24994949, 0.25994361, 0.26992848, 0.27990213, 0.28986229, 0.29981995, 0.30979021, 0.31977812, 0.32978048, 0.33979541, 0.3498225, 0.35985894, 0.36989586, 0.37992117, 0.38992946, 0.39992577, 0.40991711, 0.41990352, 0.42988422, 0.43986513, 0.44985386, 0.45985234, 0.46985817, 0.4798697, 0.48988523, 0.4999012, 0.50991334, 0.51991896, 0.52991853, 0.53991481, 0.54991207, 0.55395136), .UNSPECIFIED.);
#1287 = DIRECTION('', (0., -0., 1.));
#1288 = VECTOR('', #1287, 1.);
#1289 = CARTESIAN_POINT('', (68.5, -70., 1.5));
#1290 = LINE('', #1289, #1288);
#1291 = CARTESIAN_POINT('', (-69.56066017, -69.56066017, 0.43933983));
#1292 = CARTESIAN_POINT('', (-69.56288744, -69.5584329, 0.4415671));
#1293 = CARTESIAN_POINT('', (-69.57059469, -69.5506769, 0.4493231));
#1294 = CARTESIAN_POINT('', (-69.58359772, -69.53730211, 0.46269789));
#1295 = CARTESIAN_POINT('', (-69.59948434, -69.52044702, 0.47955298));
#1296 = CARTESIAN_POINT('', (-69.61503591, -69.50342976, 0.49657024));
#1297 = CARTESIAN_POINT('', (-69.63025784, -69.48625153, 0.51374847));
#1298 = CARTESIAN_POINT('', (-69.64515184, -69.46891725, 0.53108275));
#1299 = CARTESIAN_POINT('', (-69.65971626, -69.45143576, 0.54856424));
#1300 = CARTESIAN_POINT('', (-69.67394789, -69.43381825, 0.56618175));
#1301 = CARTESIAN_POINT('', (-69.68784446, -69.41607533, 0.58392467));
#1302 = CARTESIAN_POINT('', (-69.70140529, -69.39821607, 0.60178393));
#1303 = CARTESIAN_POINT('', (-69.71463044, -69.3802488, 0.6197512));
#1304 = CARTESIAN_POINT('', (-69.72752183, -69.36217954, 0.63782046));
#1305 = CARTESIAN_POINT('', (-69.74008539, -69.34400838, 0.65599162));
#1306 = CARTESIAN_POINT('', (-69.75233008, -69.32573005, 0.67426995));
#1307 = CARTESIAN_POINT('', (-69.76426279, -69.30734085, 0.69265915));
#1308 = CARTESIAN_POINT('', (-69.77588681, -69.28884182, 0.71115818));
#1309 = CARTESIAN_POINT('', (-69.78720578, -69.27023304, 0.72976696));
#1310 = CARTESIAN_POINT('', (-69.79822543, -69.25151028, 0.74848972));
#1311 = CARTESIAN_POINT('', (-69.80894911, -69.23267218, 0.76732782));
#1312 = CARTESIAN_POINT('', (-69.81937319, -69.21372949, 0.78627051));
#1313 = CARTESIAN_POINT('', (-69.82948981, -69.19470214, 0.80529786));
#1314 = CARTESIAN_POINT('', (-69.83929303, -69.17560868, 0.82439132));
#1315 = CARTESIAN_POINT('', (-69.84878147, -69.15646028, 0.84353972));
#1316 = CARTESIAN_POINT('', (-69.85795632, -69.13726358, 0.86273642));
#1317 = CARTESIAN_POINT('', (-69.86681879, -69.11802531, 0.88197469));
#1318 = CARTESIAN_POINT('', (-69.87537178, -69.09874874, 0.90125126));
#1319 = CARTESIAN_POINT('', (-69.8836227, -69.07942631, 0.92057369));
#1320 = CARTESIAN_POINT('', (-69.8915819, -69.06004098, 0.93995902));
#1321 = CARTESIAN_POINT('', (-69.89925675, -69.04057954, 0.95942046));
#1322 = CARTESIAN_POINT('', (-69.90664973, -69.02103919, 0.97896081));
#1323 = CARTESIAN_POINT('', (-69.91376271, -69.00141804, 0.99858196));
#1324 = CARTESIAN_POINT('', (-69.92059905, -68.98170881, 1.01829119));
#1325 = CARTESIAN_POINT('', (-69.92715959, -68.96190967, 1.03809033));
#1326 = CARTESIAN_POINT('', (-69.93343891, -68.94203789, 1.05796211));
#1327 = CARTESIAN_POINT('', (-69.93942887, -68.92212354, 1.07787646));
#1328 = CARTESIAN_POINT('', (-69.94512432, -68.90219202, 1.09780798));
#1329 = CARTESIAN_POINT('', (-69.95052482, -68.8822557, 1.1177443));
#1330 = CARTESIAN_POINT('', (-69.95563211, -68.86232006, 1.13767994));
#1331 = CARTESIAN_POINT('', (-69.96044777, -68.84239142, 1.15760858));
#1332 = CARTESIAN_POINT('', (-69.96497467, -68.82247138, 1.17752862));
#1333 = CARTESIAN_POINT('', (-69.96921882, -68.80254596, 1.19745404));
#1334 = CARTESIAN_POINT('', (-69.9731876, -68.78258848, 1.21741152));
#1335 = CARTESIAN_POINT('', (-69.97688528, -68.76257945, 1.23742055));
#1336 = CARTESIAN_POINT('', (-69.9803125, -68.74251404, 1.25748596));
#1337 = CARTESIAN_POINT('', (-69.98346995, -68.72238569, 1.27761431));
#1338 = CARTESIAN_POINT('', (-69.98635889, -68.70217929, 1.29782071));
#1339 = CARTESIAN_POINT('', (-69.98897775, -68.68189303, 1.31810697));
#1340 = CARTESIAN_POINT('', (-69.99132105, -68.66155864, 1.33844136));
#1341 = CARTESIAN_POINT('', (-69.99338364, -68.641224, 1.358776));
#1342 = CARTESIAN_POINT('', (-69.99516419, -68.62092163, 1.37907837));
#1343 = CARTESIAN_POINT('', (-69.99666447, -68.60066096, 1.39933904));
#1344 = CARTESIAN_POINT('', (-69.99788698, -68.58044224, 1.41955776));
#1345 = CARTESIAN_POINT('', (-69.99883401, -68.56026759, 1.43973241));
#1346 = CARTESIAN_POINT('', (-69.99973138, -68.53346043, 1.46653957));
#1347 = CARTESIAN_POINT('', (-69.99999999, -68.51337476, 1.48662524));
#1348 = CARTESIAN_POINT('', (-70., -68.5, 1.5));
#1349 = B_SPLINE_CURVE_WITH_KNOTS('', 3, (#1291, #1292, #1293, #1294, #1295, #1296, #1297, #1298, #1299, #1300, #1301, #1302, #1303, #1304, #1305, #1306, #1307, #1308, #1309, #1310, #1311, #1312, #1313, #1314, #1315, #1316, #1317, #1318, #1319, #1320, #1321, #1322, #1323, #1324, #1325, #1326, #1327, #1328, #1329, #1330, #1331, #1332, #1333, #1334, #1335, #1336, #1337, #1338, #1339, #1340, #1341, #1342, #1343, #1344, #1345, #1346, #1347, #1348), .UNSPECIFIED., .F., .F., (4, 1, 1, 1, 1, 1, 1, 1, 1, 1, 1, 1, 1, 1, 1, 1, 1, 1, 1, 1, 1, 1, 1, 1, 1, 1, 1, 1, 1, 1, 1, 1, 1, 1, 1, 1, 1, 1, 1, 1, 1, 1, 1, 1, 1, 1, 1, 1, 1, 1, 1, 1, 1, 1, 1, 4), (0.44604864, 0.45008796, 0.46008526, 0.47008157, 0.48008116, 0.49008678, 0.5000989, 0.51011486, 0.52013038, 0.53014191, 0.54014774, 0.55014623, 0.5601349, 0.57011579, 0.58009674, 0.59008364, 0.6000753, 0.61007147, 0.62007934, 0.63010434, 0.64014117, 0.65017761, 0.6602047, 0.67021963, 0.68022197, 0.69020986, 0.7001802, 0.71013789, 0.72009764, 0.73007057, 0.74005516, 0.75004987, 0.76006426, 0.7701049, 0.78016174, 0.79021532, 0.80025299, 0.81027212, 0.82027304, 0.8302535, 0.84020949, 0.8501484, 0.86009121, 0.87005263, 0.88002903, 0.89001935, 0.90004085, 0.91010255, 0.92018351, 0.93025119, 0.94029079, 0.95030438, 0.96029365, 0.97025741, 0.98019484, 1.), .UNSPECIFIED.);
#1350 = DIRECTION('', (0., -0., 1.));
#1351 = VECTOR('', #1350, 1.);
#1352 = CARTESIAN_POINT('', (-68.5, -70., 1.5));
#1353 = LINE('', #1352, #1351);
#1354 = DIRECTION('', (0., 1., 0.));
#1355 = VECTOR('', #1354, 1.);
#1356 = CARTESIAN_POINT('', (68.5, -68.5, 0.));
#1357 = LINE('', #1356, #1355);
#1358 = CARTESIAN_POINT('', (70., -68.5, 1.5));
#1359 = CARTESIAN_POINT('', (69.99999999, -68.51349546, 1.48650454));
#1360 = CARTESIAN_POINT('', (69.99972695, -68.53372992, 1.46627008));
#1361 = CARTESIAN_POINT('', (69.99881761, -68.56067754, 1.43932246));
#1362 = CARTESIAN_POINT('', (69.99786576, -68.58083019, 1.41916981));
#1363 = CARTESIAN_POINT('', (69.99664506, -68.60093903, 1.39906097));
#1364 = CARTESIAN_POINT('', (69.99515419, -68.62103489, 1.37896511));
#1365 = CARTESIAN_POINT('', (69.9933896, -68.64115185, 1.35884815));
#1366 = CARTESIAN_POINT('', (69.99134755, -68.6613064, 1.3386936));
#1367 = CARTESIAN_POINT('', (69.98876563, -68.68375662, 1.31624338));
#1368 = CARTESIAN_POINT('', (69.98552312, -68.70849177, 1.29150823));
#1369 = CARTESIAN_POINT('', (69.98148342, -68.73549108, 1.26450892));
#1370 = CARTESIAN_POINT('', (69.97732182, -68.76021691, 1.23978309));
#1371 = CARTESIAN_POINT('', (69.97317908, -68.78263683, 1.21736317));
#1372 = CARTESIAN_POINT('', (69.96918061, -68.80273432, 1.19726568));
#1373 = CARTESIAN_POINT('', (69.96491259, -68.82275485, 1.17724515));
#1374 = CARTESIAN_POINT('', (69.96037323, -68.84270929, 1.15729071));
#1375 = CARTESIAN_POINT('', (69.95556145, -68.8626024, 1.1373976));
#1376 = CARTESIAN_POINT('', (69.95047568, -68.88243978, 1.11756022));
#1377 = CARTESIAN_POINT('', (69.94511038, -68.90223944, 1.09776056));
#1378 = CARTESIAN_POINT('', (69.93882573, -68.92423446, 1.07576554));
#1379 = CARTESIAN_POINT('', (69.93149309, -68.94842187, 1.05157813));
#1380 = CARTESIAN_POINT('', (69.92296879, -68.97478079, 1.02521921));
#1381 = CARTESIAN_POINT('', (69.9146703, -68.99890681, 1.00109319));
#1382 = CARTESIAN_POINT('', (69.90673686, -69.02080566, 0.97919434));
#1383 = CARTESIAN_POINT('', (69.89929957, -69.0404705, 0.9595295));
#1384 = CARTESIAN_POINT('', (69.89157813, -69.06005185, 0.93994815));
#1385 = CARTESIAN_POINT('', (69.88357803, -69.07953407, 0.92046593));
#1386 = CARTESIAN_POINT('', (69.87529623, -69.09892293, 0.90107707));
#1387 = CARTESIAN_POINT('', (69.8667272, -69.11822795, 0.88177205));
#1388 = CARTESIAN_POINT('', (69.85786937, -69.13744832, 0.86255168));
#1389 = CARTESIAN_POINT('', (69.84872196, -69.15658152, 0.84341848));
#1390 = CARTESIAN_POINT('', (69.83927804, -69.17563718, 0.82436282));
#1391 = CARTESIAN_POINT('', (69.82952609, -69.19463157, 0.80536843));
#1392 = CARTESIAN_POINT('', (69.8194578, -69.21357217, 0.78642783));
#1393 = CARTESIAN_POINT('', (69.80907051, -69.23245473, 0.76754527));
#1394 = CARTESIAN_POINT('', (69.79836334, -69.25127199, 0.74872801));
#1395 = CARTESIAN_POINT('', (69.78733413, -69.27001902, 0.72998098));
#1396 = CARTESIAN_POINT('', (69.77598265, -69.28868759, 0.71131241));
#1397 = CARTESIAN_POINT('', (69.76431494, -69.30725997, 0.69274003));
#1398 = CARTESIAN_POINT('', (69.75234098, -69.32571411, 0.67428589));
#1399 = CARTESIAN_POINT('', (69.74006565, -69.34403774, 0.65596226));
#1400 = CARTESIAN_POINT('', (69.72748371, -69.36223398, 0.63776602));
#1401 = CARTESIAN_POINT('', (69.7145861, -69.38030997, 0.61969003));
#1402 = CARTESIAN_POINT('', (69.70136807, -69.39826563, 0.60173437));
#1403 = CARTESIAN_POINT('', (69.68782783, -69.41609651, 0.58390349));
#1404 = CARTESIAN_POINT('', (69.67396043, -69.43380206, 0.56619794));
#1405 = CARTESIAN_POINT('', (69.659758, -69.45138455, 0.54861545));
#1406 = CARTESIAN_POINT('', (69.6452152, -69.46884218, 0.53115782));
#1407 = CARTESIAN_POINT('', (69.63033096, -69.48616769, 0.51383231));
#1408 = CARTESIAN_POINT('', (69.61510602, -69.50335196, 0.49664804));
#1409 = CARTESIAN_POINT('', (69.59954109, -69.52038609, 0.47961391));
#1410 = CARTESIAN_POINT('', (69.58363731, -69.53726095, 0.46273905));
#1411 = CARTESIAN_POINT('', (69.57061484, -69.55065649, 0.44934351));
#1412 = CARTESIAN_POINT('', (69.56289498, -69.55842536, 0.44157464));
#1413 = CARTESIAN_POINT('', (69.56066017, -69.56066017, 0.43933983));
#1414 = B_SPLINE_CURVE_WITH_KNOTS('', 3, (#1358, #1359, #1360, #1361, #1362, #1363, #1364, #1365, #1366, #1367, #1368, #1369, #1370, #1371, #1372, #1373, #1374, #1375, #1376, #1377, #1378, #1379, #1380, #1381, #1382, #1383, #1384, #1385, #1386, #1387, #1388, #1389, #1390, #1391, #1392, #1393, #1394, #1395, #1396, #1397, #1398, #1399, #1400, #1401, #1402, #1403, #1404, #1405, #1406, #1407, #1408, #1409, #1410, #1411, #1412, #1413), .UNSPECIFIED., .F., .F., (4, 1, 1, 1, 1, 1, 1, 1, 1, 1, 1, 1, 1, 1, 1, 1, 1, 1, 1, 1, 1, 1, 1, 1, 1, 1, 1, 1, 1, 1, 1, 1, 1, 1, 1, 1, 1, 1, 1, 1, 1, 1, 1, 1, 1, 1, 1, 1, 1, 1, 1, 1, 1, 4), (0., 0.01998391, 0.02996292, 0.0399146, 0.04984199, 0.05976691, 0.06971286, 0.07968783, 0.08968767, 0.10306618, 0.11647169, 0.12988925, 0.13993759, 0.14995256, 0.15994205, 0.16991829, 0.17988031, 0.18982689, 0.19977162, 0.20973239, 0.22305448, 0.23640099, 0.24976986, 0.25982072, 0.26987509, 0.27991216, 0.28992214, 0.29991519, 0.30990347, 0.31988329, 0.32984908, 0.33981036, 0.34978266, 0.35977135, 0.36977269, 0.37978401, 0.38980598, 0.39983876, 0.40987451, 0.41989855, 0.4299037, 0.43989761, 0.4498909, 0.45988358, 0.46987193, 0.47985955, 0.48985328, 0.49985476, 0.50986125, 0.5198706, 0.52988135, 0.53989134, 0.54989815, 0.55395115), .UNSPECIFIED.);
#1415 = DIRECTION('', (0., 1., 0.));
#1416 = VECTOR('', #1415, 1.);
#1417 = CARTESIAN_POINT('', (70., -68.5, 1.5));
#1418 = LINE('', #1417, #1416);
#1419 = CARTESIAN_POINT('', (70., 68.5, 1.5));
#1420 = CARTESIAN_POINT('', (69.99999999, 68.51337476, 1.48662524));
#1421 = CARTESIAN_POINT('', (69.99973138, 68.53346043, 1.46653957));
#1422 = CARTESIAN_POINT('', (69.99883401, 68.56026759, 1.43973241));
#1423 = CARTESIAN_POINT('', (69.99788698, 68.58044224, 1.41955776));
#1424 = CARTESIAN_POINT('', (69.99666447, 68.60066096, 1.39933904));
#1425 = CARTESIAN_POINT('', (69.99516419, 68.62092163, 1.37907837));
#1426 = CARTESIAN_POINT('', (69.99338364, 68.641224, 1.358776));
#1427 = CARTESIAN_POINT('', (69.99132105, 68.66155864, 1.33844136));
#1428 = CARTESIAN_POINT('', (69.98897775, 68.68189303, 1.31810697));
#1429 = CARTESIAN_POINT('', (69.98635889, 68.70217929, 1.29782071));
#1430 = CARTESIAN_POINT('', (69.98346995, 68.72238569, 1.27761431));
#1431 = CARTESIAN_POINT('', (69.9803125, 68.74251404, 1.25748596));
#1432 = CARTESIAN_POINT('', (69.97688528, 68.76257945, 1.23742055));
#1433 = CARTESIAN_POINT('', (69.9731876, 68.78258848, 1.21741152));
#1434 = CARTESIAN_POINT('', (69.96921882, 68.80254596, 1.19745404));
#1435 = CARTESIAN_POINT('', (69.96497467, 68.82247138, 1.17752862));
#1436 = CARTESIAN_POINT('', (69.96044777, 68.84239142, 1.15760858));
#1437 = CARTESIAN_POINT('', (69.95563211, 68.86232006, 1.13767994));
#1438 = CARTESIAN_POINT('', (69.95052482, 68.8822557, 1.1177443));
#1439 = CARTESIAN_POINT('', (69.94512432, 68.90219202, 1.09780798));
#1440 = CARTESIAN_POINT('', (69.93942887, 68.92212354, 1.07787646));
#1441 = CARTESIAN_POINT('', (69.93343891, 68.94203789, 1.05796211));
#1442 = CARTESIAN_POINT('', (69.92715959, 68.96190967, 1.03809033));
#1443 = CARTESIAN_POINT('', (69.92059905, 68.98170881, 1.01829119));
#1444 = CARTESIAN_POINT('', (69.91376271, 69.00141804, 0.99858196));
#1445 = CARTESIAN_POINT('', (69.90664973, 69.02103919, 0.97896081));
#1446 = CARTESIAN_POINT('', (69.89925675, 69.04057954, 0.95942046));
#1447 = CARTESIAN_POINT('', (69.8915819, 69.06004098, 0.93995902));
#1448 = CARTESIAN_POINT('', (69.8836227, 69.07942631, 0.92057369));
#1449 = CARTESIAN_POINT('', (69.87537178, 69.09874874, 0.90125126));
#1450 = CARTESIAN_POINT('', (69.86681879, 69.11802531, 0.88197469));
#1451 = CARTESIAN_POINT('', (69.85795632, 69.13726358, 0.86273642));
#1452 = CARTESIAN_POINT('', (69.84878147, 69.15646028, 0.84353972));
#1453 = CARTESIAN_POINT('', (69.83929303, 69.17560868, 0.82439132));
#1454 = CARTESIAN_POINT('', (69.82948981, 69.19470214, 0.80529786));
#1455 = CARTESIAN_POINT('', (69.81937319, 69.21372949, 0.78627051));
#1456 = CARTESIAN_POINT('', (69.80894911, 69.23267218, 0.76732782));
#1457 = CARTESIAN_POINT('', (69.79822543, 69.25151028, 0.74848972));
#1458 = CARTESIAN_POINT('', (69.78720578, 69.27023304, 0.72976696));
#1459 = CARTESIAN_POINT('', (69.77588681, 69.28884182, 0.71115818));
#1460 = CARTESIAN_POINT('', (69.76426279, 69.30734085, 0.69265915));
#1461 = CARTESIAN_POINT('', (69.75233008, 69.32573005, 0.67426995));
#1462 = CARTESIAN_POINT('', (69.74008539, 69.34400838, 0.65599162));
#1463 = CARTESIAN_POINT('', (69.72752183, 69.36217954, 0.63782046));
#1464 = CARTESIAN_POINT('', (69.71463044, 69.3802488, 0.6197512));
#1465 = CARTESIAN_POINT('', (69.70140529, 69.39821607, 0.60178393));
#1466 = CARTESIAN_POINT('', (69.68784446, 69.41607533, 0.58392467));
#1467 = CARTESIAN_POINT('', (69.67394789, 69.43381825, 0.56618175));
#1468 = CARTESIAN_POINT('', (69.65971626, 69.45143576, 0.54856424));
#1469 = CARTESIAN_POINT('', (69.64515184, 69.46891725, 0.53108275));
#1470 = CARTESIAN_POINT('', (69.63025784, 69.48625153, 0.51374847));
#1471 = CARTESIAN_POINT('', (69.61503591, 69.50342976, 0.49657024));
#1472 = CARTESIAN_POINT('', (69.59948434, 69.52044702, 0.47955298));
#1473 = CARTESIAN_POINT('', (69.58359772, 69.53730211, 0.46269789));
#1474 = CARTESIAN_POINT('', (69.57059469, 69.5506769, 0.4493231));
#1475 = CARTESIAN_POINT('', (69.56288744, 69.5584329, 0.4415671));
#1476 = CARTESIAN_POINT('', (69.56066017, 69.56066017, 0.43933983));
#1477 = B_SPLINE_CURVE_WITH_KNOTS('', 3, (#1419, #1420, #1421, #1422, #1423, #1424, #1425, #1426, #1427, #1428, #1429, #1430, #1431, #1432, #1433, #1434, #1435, #1436, #1437, #1438, #1439, #1440, #1441, #1442, #1443, #1444, #1445, #1446, #1447, #1448, #1449, #1450, #1451, #1452, #1453, #1454, #1455, #1456, #1457, #1458, #1459, #1460, #1461, #1462, #1463, #1464, #1465, #1466, #1467, #1468, #1469, #1470, #1471, #1472, #1473, #1474, #1475, #1476), .UNSPECIFIED., .F., .F., (4, 1, 1, 1, 1, 1, 1, 1, 1, 1, 1, 1, 1, 1, 1, 1, 1, 1, 1, 1, 1, 1, 1, 1, 1, 1, 1, 1, 1, 1, 1, 1, 1, 1, 1, 1, 1, 1, 1, 1, 1, 1, 1, 1, 1, 1, 1, 1, 1, 1, 1, 1, 1, 1, 1, 4), (0., 0.01980516, 0.02974259, 0.03970635, 0.04969562, 0.05970921, 0.06974881, 0.07981649, 0.08989745, 0.09995915, 0.10998065, 0.11997097, 0.12994737, 0.13990879, 0.1498516, 0.15979051, 0.1697465, 0.17972696, 0.18972788, 0.19974701, 0.20978468, 0.21983826, 0.2298951, 0.23993574, 0.24995013, 0.25994484, 0.26992943, 0.27990236, 0.28986211, 0.2998198, 0.30979014, 0.31977803, 0.32978037, 0.3397953, 0.34982239, 0.35985883, 0.36989566, 0.37992066, 0.38992853, 0.3999247, 0.40991636, 0.41990326, 0.42988421, 0.4398651, 0.44985377, 0.45985226, 0.46985809, 0.47986962, 0.48988514, 0.4999011, 0.50991322, 0.51991884, 0.52991843, 0.53991474, 0.54991204, 0.55395136), .UNSPECIFIED.);
#1478 = CARTESIAN_POINT('', (68.5, -68.5, -0.));
#1479 = CARTESIAN_POINT('', (68.51337476, -68.51337476, 0.00000001));
#1480 = CARTESIAN_POINT('', (68.53346044, -68.53346044, 0.00026862));
#1481 = CARTESIAN_POINT('', (68.56026761, -68.56026761, 0.00116599));
#1482 = CARTESIAN_POINT('', (68.58044228, -68.58044228, 0.00211302));
#1483 = CARTESIAN_POINT('', (68.60066099, -68.60066099, 0.00333553));
#1484 = CARTESIAN_POINT('', (68.62092162, -68.62092162, 0.00483581));
#1485 = CARTESIAN_POINT('', (68.6412241, -68.6412241, 0.00661637));
#1486 = CARTESIAN_POINT('', (68.661559, -68.661559, 0.00867899));
#1487 = CARTESIAN_POINT('', (68.68189331, -68.68189331, 0.01102229));
#1488 = CARTESIAN_POINT('', (68.70217851, -68.70217851, 0.01364101));
#1489 = CARTESIAN_POINT('', (68.7223832, -68.7223832, 0.01652968));
#1490 = CARTESIAN_POINT('', (68.74251057, -68.74251057, 0.01968693));
#1491 = CARTESIAN_POINT('', (68.76257662, -68.76257662, 0.02311421));
#1492 = CARTESIAN_POINT('', (68.78258724, -68.78258724, 0.02681215));
#1493 = CARTESIAN_POINT('', (68.80254592, -68.80254592, 0.03078117));
#1494 = CARTESIAN_POINT('', (68.82247166, -68.82247166, 0.03502539));
#1495 = CARTESIAN_POINT('', (68.8423916, -68.8423916, 0.03955227));
#1496 = CARTESIAN_POINT('', (68.86232019, -68.86232019, 0.04436792));
#1497 = CARTESIAN_POINT('', (68.88225586, -68.88225586, 0.04947522));
#1498 = CARTESIAN_POINT('', (68.90219216, -68.90219216, 0.05487572));
#1499 = CARTESIAN_POINT('', (68.92212377, -68.92212377, 0.0605712));
#1500 = CARTESIAN_POINT('', (68.94203839, -68.94203839, 0.06656124));
#1501 = CARTESIAN_POINT('', (68.96191027, -68.96191027, 0.07284061));
#1502 = CARTESIAN_POINT('', (68.98170882, -68.98170882, 0.07940095));
#1503 = CARTESIAN_POINT('', (69.00141691, -69.00141691, 0.0862369));
#1504 = CARTESIAN_POINT('', (69.02103731, -69.02103731, 0.09334958));
#1505 = CARTESIAN_POINT('', (69.04057794, -69.04057794, 0.10074262));
#1506 = CARTESIAN_POINT('', (69.06004031, -69.06004031, 0.10841783));
#1507 = CARTESIAN_POINT('', (69.07942638, -69.07942638, 0.11637733));
#1508 = CARTESIAN_POINT('', (69.09874901, -69.09874901, 0.12462834));
#1509 = CARTESIAN_POINT('', (69.11802552, -69.11802552, 0.13318131));
#1510 = CARTESIAN_POINT('', (69.13726375, -69.13726375, 0.14204376));
#1511 = CARTESIAN_POINT('', (69.15646048, -69.15646048, 0.15121862));
#1512 = CARTESIAN_POINT('', (69.1756089, -69.1756089, 0.16070708));
#1513 = CARTESIAN_POINT('', (69.19470236, -69.19470236, 0.1705103));
#1514 = CARTESIAN_POINT('', (69.21372977, -69.21372977, 0.18062696));
#1515 = CARTESIAN_POINT('', (69.23267271, -69.23267271, 0.19105118));
#1516 = CARTESIAN_POINT('', (69.25151132, -69.25151132, 0.20177517));
#1517 = CARTESIAN_POINT('', (69.27023463, -69.27023463, 0.21279517));
#1518 = CARTESIAN_POINT('', (69.28884355, -69.28884355, 0.22411426));
#1519 = CARTESIAN_POINT('', (69.30734215, -69.30734215, 0.23573805));
#1520 = CARTESIAN_POINT('', (69.32573068, -69.32573068, 0.24767035));
#1521 = CARTESIAN_POINT('', (69.34400857, -69.34400857, 0.25991474));
#1522 = CARTESIAN_POINT('', (69.36217962, -69.36217962, 0.27247823));
#1523 = CARTESIAN_POINT('', (69.38024893, -69.38024893, 0.28536965));
#1524 = CARTESIAN_POINT('', (69.39821623, -69.39821623, 0.29859483));
#1525 = CARTESIAN_POINT('', (69.41607548, -69.41607548, 0.31215566));
#1526 = CARTESIAN_POINT('', (69.43381839, -69.43381839, 0.32605223));
#1527 = CARTESIAN_POINT('', (69.45143592, -69.45143592, 0.34028387));
#1528 = CARTESIAN_POINT('', (69.46891743, -69.46891743, 0.35484831));
#1529 = CARTESIAN_POINT('', (69.48625172, -69.48625172, 0.36974233));
#1530 = CARTESIAN_POINT('', (69.50342995, -69.50342995, 0.38496427));
#1531 = CARTESIAN_POINT('', (69.52044719, -69.52044719, 0.40051582));
#1532 = CARTESIAN_POINT('', (69.53730222, -69.53730222, 0.41640239));
#1533 = CARTESIAN_POINT('', (69.55067695, -69.55067695, 0.42940537));
#1534 = CARTESIAN_POINT('', (69.55843292, -69.55843292, 0.43711258));
#1535 = CARTESIAN_POINT('', (69.56066017, -69.56066017, 0.43933983));
#1536 = B_SPLINE_CURVE_WITH_KNOTS('', 3, (#1478, #1479, #1480, #1481, #1482, #1483, #1484, #1485, #1486, #1487, #1488, #1489, #1490, #1491, #1492, #1493, #1494, #1495, #1496, #1497, #1498, #1499, #1500, #1501, #1502, #1503, #1504, #1505, #1506, #1507, #1508, #1509, #1510, #1511, #1512, #1513, #1514, #1515, #1516, #1517, #1518, #1519, #1520, #1521, #1522, #1523, #1524, #1525, #1526, #1527, #1528, #1529, #1530, #1531, #1532, #1533, #1534, #1535), .UNSPECIFIED., .F., .F., (4, 1, 1, 1, 1, 1, 1, 1, 1, 1, 1, 1, 1, 1, 1, 1, 1, 1, 1, 1, 1, 1, 1, 1, 1, 1, 1, 1, 1, 1, 1, 1, 1, 1, 1, 1, 1, 1, 1, 1, 1, 1, 1, 1, 1, 1, 1, 1, 1, 1, 1, 1, 1, 1, 1, 4), (0., 0.01980517, 0.0297426, 0.03970637, 0.04969565, 0.05970919, 0.06974879, 0.07981668, 0.08989783, 0.09995899, 0.10997925, 0.1199688, 0.12994575, 0.13990835, 0.14985181, 0.15979069, 0.16974654, 0.17972702, 0.18972799, 0.19974708, 0.20978472, 0.21983851, 0.22989557, 0.23993593, 0.24994948, 0.25994358, 0.26992846, 0.27990212, 0.28986229, 0.29981996, 0.30979021, 0.31977812, 0.32978048, 0.33979541, 0.34982251, 0.35985895, 0.36989587, 0.37992118, 0.38992947, 0.39992579, 0.40991712, 0.41990352, 0.42988422, 0.43986513, 0.44985386, 0.45985235, 0.46985817, 0.4798697, 0.48988523, 0.4999012, 0.50991334, 0.51991896, 0.52991853, 0.53991481, 0.54991207, 0.55395136), .UNSPECIFIED.);
#1537 = DIRECTION('', (0., -0., 1.));
#1538 = VECTOR('', #1537, 1.);
#1539 = CARTESIAN_POINT('', (70., 68.5, 1.5));
#1540 = LINE('', #1539, #1538);
#1541 = CARTESIAN_POINT('', (69.56066017, -69.56066017, 0.43933983));
#1542 = CARTESIAN_POINT('', (69.5584329, -69.56288744, 0.4415671));
#1543 = CARTESIAN_POINT('', (69.5506769, -69.57059469, 0.4493231));
#1544 = CARTESIAN_POINT('', (69.53730211, -69.58359772, 0.46269789));
#1545 = CARTESIAN_POINT('', (69.52044702, -69.59948434, 0.47955298));
#1546 = CARTESIAN_POINT('', (69.50342976, -69.61503591, 0.49657024));
#1547 = CARTESIAN_POINT('', (69.48625153, -69.63025784, 0.51374847));
#1548 = CARTESIAN_POINT('', (69.46891725, -69.64515184, 0.53108275));
#1549 = CARTESIAN_POINT('', (69.45143576, -69.65971626, 0.54856424));
#1550 = CARTESIAN_POINT('', (69.43381825, -69.67394789, 0.56618175));
#1551 = CARTESIAN_POINT('', (69.41607533, -69.68784446, 0.58392467));
#1552 = CARTESIAN_POINT('', (69.39821607, -69.70140529, 0.60178393));
#1553 = CARTESIAN_POINT('', (69.3802488, -69.71463044, 0.6197512));
#1554 = CARTESIAN_POINT('', (69.36217954, -69.72752183, 0.63782046));
#1555 = CARTESIAN_POINT('', (69.34400838, -69.74008539, 0.65599162));
#1556 = CARTESIAN_POINT('', (69.32573005, -69.75233008, 0.67426995));
#1557 = CARTESIAN_POINT('', (69.30734085, -69.76426279, 0.69265915));
#1558 = CARTESIAN_POINT('', (69.28884182, -69.77588681, 0.71115818));
#1559 = CARTESIAN_POINT('', (69.27023304, -69.78720578, 0.72976696));
#1560 = CARTESIAN_POINT('', (69.25151028, -69.79822543, 0.74848972));
#1561 = CARTESIAN_POINT('', (69.23267218, -69.80894911, 0.76732782));
#1562 = CARTESIAN_POINT('', (69.21372949, -69.81937319, 0.78627051));
#1563 = CARTESIAN_POINT('', (69.19470214, -69.82948981, 0.80529786));
#1564 = CARTESIAN_POINT('', (69.17560868, -69.83929303, 0.82439132));
#1565 = CARTESIAN_POINT('', (69.15646028, -69.84878147, 0.84353972));
#1566 = CARTESIAN_POINT('', (69.13726358, -69.85795632, 0.86273642));
#1567 = CARTESIAN_POINT('', (69.11802531, -69.86681879, 0.88197469));
#1568 = CARTESIAN_POINT('', (69.09874874, -69.87537178, 0.90125126));
#1569 = CARTESIAN_POINT('', (69.07942631, -69.8836227, 0.92057369));
#1570 = CARTESIAN_POINT('', (69.06004098, -69.8915819, 0.93995902));
#1571 = CARTESIAN_POINT('', (69.04057954, -69.89925675, 0.95942046));
#1572 = CARTESIAN_POINT('', (69.02103919, -69.90664973, 0.97896081));
#1573 = CARTESIAN_POINT('', (69.00141804, -69.91376271, 0.99858196));
#1574 = CARTESIAN_POINT('', (68.98170881, -69.92059905, 1.01829119));
#1575 = CARTESIAN_POINT('', (68.96190967, -69.92715959, 1.03809033));
#1576 = CARTESIAN_POINT('', (68.94203789, -69.93343891, 1.05796211));
#1577 = CARTESIAN_POINT('', (68.92212354, -69.93942887, 1.07787646));
#1578 = CARTESIAN_POINT('', (68.90219202, -69.94512432, 1.09780798));
#1579 = CARTESIAN_POINT('', (68.8822557, -69.95052482, 1.1177443));
#1580 = CARTESIAN_POINT('', (68.86232006, -69.95563211, 1.13767994));
#1581 = CARTESIAN_POINT('', (68.84239142, -69.96044777, 1.15760858));
#1582 = CARTESIAN_POINT('', (68.82247138, -69.96497467, 1.17752862));
#1583 = CARTESIAN_POINT('', (68.80254596, -69.96921882, 1.19745404));
#1584 = CARTESIAN_POINT('', (68.78258848, -69.9731876, 1.21741152));
#1585 = CARTESIAN_POINT('', (68.76257945, -69.97688528, 1.23742055));
#1586 = CARTESIAN_POINT('', (68.74251404, -69.9803125, 1.25748596));
#1587 = CARTESIAN_POINT('', (68.72238569, -69.98346995, 1.27761431));
#1588 = CARTESIAN_POINT('', (68.70217929, -69.98635889, 1.29782071));
#1589 = CARTESIAN_POINT('', (68.68189303, -69.98897775, 1.31810697));
#1590 = CARTESIAN_POINT('', (68.66155864, -69.99132105, 1.33844136));
#1591 = CARTESIAN_POINT('', (68.641224, -69.99338364, 1.358776));
#1592 = CARTESIAN_POINT('', (68.62092163, -69.99516419, 1.37907837));
#1593 = CARTESIAN_POINT('', (68.60066096, -69.99666447, 1.39933904));
#1594 = CARTESIAN_POINT('', (68.58044224, -69.99788698, 1.41955776));
#1595 = CARTESIAN_POINT('', (68.56026759, -69.99883401, 1.43973241));
#1596 = CARTESIAN_POINT('', (68.53346043, -69.99973138, 1.46653957));
#1597 = CARTESIAN_POINT('', (68.51337476, -69.99999999, 1.48662524));
#1598 = CARTESIAN_POINT('', (68.5, -70., 1.5));
#1599 = B_SPLINE_CURVE_WITH_KNOTS('', 3, (#1541, #1542, #1543, #1544, #1545, #1546, #1547, #1548, #1549, #1550, #1551, #1552, #1553, #1554, #1555, #1556, #1557, #1558, #1559, #1560, #1561, #1562, #1563, #1564, #1565, #1566, #1567, #1568, #1569, #1570, #1571, #1572, #1573, #1574, #1575, #1576, #1577, #1578, #1579, #1580, #1581, #1582, #1583, #1584, #1585, #1586, #1587, #1588, #1589, #1590, #1591, #1592, #1593, #1594, #1595, #1596, #1597, #1598), .UNSPECIFIED., .F., .F., (4, 1, 1, 1, 1, 1, 1, 1, 1, 1, 1, 1, 1, 1, 1, 1, 1, 1, 1, 1, 1, 1, 1, 1, 1, 1, 1, 1, 1, 1, 1, 1, 1, 1, 1, 1, 1, 1, 1, 1, 1, 1, 1, 1, 1, 1, 1, 1, 1, 1, 1, 1, 1, 1, 1, 4), (0.44604864, 0.45008796, 0.46008526, 0.47008157, 0.48008116, 0.49008678, 0.5000989, 0.51011486, 0.52013038, 0.53014191, 0.54014774, 0.55014623, 0.5601349, 0.57011579, 0.58009674, 0.59008364, 0.6000753, 0.61007147, 0.62007934, 0.63010434, 0.64014117, 0.65017761, 0.6602047, 0.67021963, 0.68022197, 0.69020986, 0.7001802, 0.71013789, 0.72009764, 0.73007057, 0.74005516, 0.75004987, 0.76006426, 0.7701049, 0.78016174, 0.79021532, 0.80025299, 0.81027212, 0.82027304, 0.8302535, 0.84020949, 0.8501484, 0.86009121, 0.87005263, 0.88002903, 0.89001935, 0.90004085, 0.91010255, 0.92018351, 0.93025119, 0.94029079, 0.95030438, 0.96029365, 0.97025741, 0.98019484, 1.), .UNSPECIFIED.);
#1600 = CARTESIAN_POINT('', (-68.5, 70., 1.5));
#1601 = CARTESIAN_POINT('', (-68.51337476, 69.99999999, 1.48662524));
#1602 = CARTESIAN_POINT('', (-68.53346043, 69.99973138, 1.46653957));
#1603 = CARTESIAN_POINT('', (-68.56026759, 69.99883401, 1.43973241));
#1604 = CARTESIAN_POINT('', (-68.58044224, 69.99788698, 1.41955776));
#1605 = CARTESIAN_POINT('', (-68.60066096, 69.99666447, 1.39933904));
#1606 = CARTESIAN_POINT('', (-68.62092163, 69.99516419, 1.37907837));
#1607 = CARTESIAN_POINT('', (-68.641224, 69.99338364, 1.358776));
#1608 = CARTESIAN_POINT('', (-68.66155864, 69.99132105, 1.33844136));
#1609 = CARTESIAN_POINT('', (-68.68189303, 69.98897775, 1.31810697));
#1610 = CARTESIAN_POINT('', (-68.70217929, 69.98635889, 1.29782071));
#1611 = CARTESIAN_POINT('', (-68.72238569, 69.98346995, 1.27761431));
#1612 = CARTESIAN_POINT('', (-68.74251404, 69.9803125, 1.25748596));
#1613 = CARTESIAN_POINT('', (-68.76257945, 69.97688528, 1.23742055));
#1614 = CARTESIAN_POINT('', (-68.78258848, 69.9731876, 1.21741152));
#1615 = CARTESIAN_POINT('', (-68.80254596, 69.96921882, 1.19745404));
#1616 = CARTESIAN_POINT('', (-68.82247138, 69.96497467, 1.17752862));
#1617 = CARTESIAN_POINT('', (-68.84239142, 69.96044777, 1.15760858));
#1618 = CARTESIAN_POINT('', (-68.86232006, 69.95563211, 1.13767994));
#1619 = CARTESIAN_POINT('', (-68.8822557, 69.95052482, 1.1177443));
#1620 = CARTESIAN_POINT('', (-68.90219202, 69.94512432, 1.09780798));
#1621 = CARTESIAN_POINT('', (-68.92212354, 69.93942887, 1.07787646));
#1622 = CARTESIAN_POINT('', (-68.94203789, 69.93343891, 1.05796211));
#1623 = CARTESIAN_POINT('', (-68.96190967, 69.92715959, 1.03809033));
#1624 = CARTESIAN_POINT('', (-68.98170881, 69.92059905, 1.01829119));
#1625 = CARTESIAN_POINT('', (-69.00141804, 69.91376271, 0.99858196));
#1626 = CARTESIAN_POINT('', (-69.02103919, 69.90664973, 0.97896081));
#1627 = CARTESIAN_POINT('', (-69.04057954, 69.89925675, 0.95942046));
#1628 = CARTESIAN_POINT('', (-69.06004098, 69.8915819, 0.93995902));
#1629 = CARTESIAN_POINT('', (-69.07942631, 69.8836227, 0.92057369));
#1630 = CARTESIAN_POINT('', (-69.09874874, 69.87537178, 0.90125126));
#1631 = CARTESIAN_POINT('', (-69.11802531, 69.86681879, 0.88197469));
#1632 = CARTESIAN_POINT('', (-69.13726358, 69.85795632, 0.86273642));
#1633 = CARTESIAN_POINT('', (-69.15646028, 69.84878147, 0.84353972));
#1634 = CARTESIAN_POINT('', (-69.17560868, 69.83929303, 0.82439132));
#1635 = CARTESIAN_POINT('', (-69.19470214, 69.82948981, 0.80529786));
#1636 = CARTESIAN_POINT('', (-69.21372949, 69.81937319, 0.78627051));
#1637 = CARTESIAN_POINT('', (-69.23267218, 69.80894911, 0.76732782));
#1638 = CARTESIAN_POINT('', (-69.25151028, 69.79822543, 0.74848972));
#1639 = CARTESIAN_POINT('', (-69.27023304, 69.78720578, 0.72976696));
#1640 = CARTESIAN_POINT('', (-69.28884182, 69.77588681, 0.71115818));
#1641 = CARTESIAN_POINT('', (-69.30734085, 69.76426279, 0.69265915));
#1642 = CARTESIAN_POINT('', (-69.32573005, 69.75233008, 0.67426995));
#1643 = CARTESIAN_POINT('', (-69.34400838, 69.74008539, 0.65599162));
#1644 = CARTESIAN_POINT('', (-69.36217954, 69.72752183, 0.63782046));
#1645 = CARTESIAN_POINT('', (-69.3802488, 69.71463044, 0.6197512));
#1646 = CARTESIAN_POINT('', (-69.39821607, 69.70140529, 0.60178393));
#1647 = CARTESIAN_POINT('', (-69.41607533, 69.68784446, 0.58392467));
#1648 = CARTESIAN_POINT('', (-69.43381825, 69.67394789, 0.56618175));
#1649 = CARTESIAN_POINT('', (-69.45143576, 69.65971626, 0.54856424));
#1650 = CARTESIAN_POINT('', (-69.46891725, 69.64515184, 0.53108275));
#1651 = CARTESIAN_POINT('', (-69.48625153, 69.63025784, 0.51374847));
#1652 = CARTESIAN_POINT('', (-69.50342976, 69.61503591, 0.49657024));
#1653 = CARTESIAN_POINT('', (-69.52044702, 69.59948434, 0.47955298));
#1654 = CARTESIAN_POINT('', (-69.53730211, 69.58359772, 0.46269789));
#1655 = CARTESIAN_POINT('', (-69.5506769, 69.57059469, 0.4493231));
#1656 = CARTESIAN_POINT('', (-69.5584329, 69.56288744, 0.4415671));
#1657 = CARTESIAN_POINT('', (-69.56066017, 69.56066017, 0.43933983));
#1658 = B_SPLINE_CURVE_WITH_KNOTS('', 3, (#1600, #1601, #1602, #1603, #1604, #1605, #1606, #1607, #1608, #1609, #1610, #1611, #1612, #1613, #1614, #1615, #1616, #1617, #1618, #1619, #1620, #1621, #1622, #1623, #1624, #1625, #1626, #1627, #1628, #1629, #1630, #1631, #1632, #1633, #1634, #1635, #1636, #1637, #1638, #1639, #1640, #1641, #1642, #1643, #1644, #1645, #1646, #1647, #1648, #1649, #1650, #1651, #1652, #1653, #1654, #1655, #1656, #1657), .UNSPECIFIED., .F., .F., (4, 1, 1, 1, 1, 1, 1, 1, 1, 1, 1, 1, 1, 1, 1, 1, 1, 1, 1, 1, 1, 1, 1, 1, 1, 1, 1, 1, 1, 1, 1, 1, 1, 1, 1, 1, 1, 1, 1, 1, 1, 1, 1, 1, 1, 1, 1, 1, 1, 1, 1, 1, 1, 1, 1, 4), (0., 0.01980516, 0.02974259, 0.03970635, 0.04969562, 0.05970921, 0.06974881, 0.07981649, 0.08989745, 0.09995915, 0.10998065, 0.11997097, 0.12994737, 0.13990879, 0.1498516, 0.15979051, 0.1697465, 0.17972696, 0.18972788, 0.19974701, 0.20978468, 0.21983826, 0.2298951, 0.23993574, 0.24995013, 0.25994484, 0.26992943, 0.27990236, 0.28986211, 0.2998198, 0.30979014, 0.31977803, 0.32978037, 0.3397953, 0.34982239, 0.35985883, 0.36989566, 0.37992066, 0.38992853, 0.3999247, 0.40991636, 0.41990326, 0.42988421, 0.4398651, 0.44985377, 0.45985226, 0.46985809, 0.47986962, 0.48988514, 0.4999011, 0.50991322, 0.51991884, 0.52991843, 0.53991474, 0.54991204, 0.55395136), .UNSPECIFIED.);
#1659 = CARTESIAN_POINT('', (69.56066017, 69.56066017, 0.43933983));
#1660 = CARTESIAN_POINT('', (69.55842536, 69.56289498, 0.44157464));
#1661 = CARTESIAN_POINT('', (69.55065649, 69.57061484, 0.44934351));
#1662 = CARTESIAN_POINT('', (69.53726095, 69.58363731, 0.46273905));
#1663 = CARTESIAN_POINT('', (69.52038609, 69.59954109, 0.47961391));
#1664 = CARTESIAN_POINT('', (69.50335196, 69.61510602, 0.49664804));
#1665 = CARTESIAN_POINT('', (69.48616769, 69.63033096, 0.51383231));
#1666 = CARTESIAN_POINT('', (69.46884218, 69.6452152, 0.53115782));
#1667 = CARTESIAN_POINT('', (69.45138455, 69.659758, 0.54861545));
#1668 = CARTESIAN_POINT('', (69.43380206, 69.67396043, 0.56619794));
#1669 = CARTESIAN_POINT('', (69.41609651, 69.68782783, 0.58390349));
#1670 = CARTESIAN_POINT('', (69.39826563, 69.70136807, 0.60173437));
#1671 = CARTESIAN_POINT('', (69.38030997, 69.7145861, 0.61969003));
#1672 = CARTESIAN_POINT('', (69.36223398, 69.72748371, 0.63776602));
#1673 = CARTESIAN_POINT('', (69.34403774, 69.74006565, 0.65596226));
#1674 = CARTESIAN_POINT('', (69.32571411, 69.75234098, 0.67428589));
#1675 = CARTESIAN_POINT('', (69.30725997, 69.76431494, 0.69274003));
#1676 = CARTESIAN_POINT('', (69.28868759, 69.77598265, 0.71131241));
#1677 = CARTESIAN_POINT('', (69.27001902, 69.78733413, 0.72998098));
#1678 = CARTESIAN_POINT('', (69.25127199, 69.79836334, 0.74872801));
#1679 = CARTESIAN_POINT('', (69.23245473, 69.80907051, 0.76754527));
#1680 = CARTESIAN_POINT('', (69.21357217, 69.8194578, 0.78642783));
#1681 = CARTESIAN_POINT('', (69.19463157, 69.82952609, 0.80536843));
#1682 = CARTESIAN_POINT('', (69.17563718, 69.83927804, 0.82436282));
#1683 = CARTESIAN_POINT('', (69.15658152, 69.84872196, 0.84341848));
#1684 = CARTESIAN_POINT('', (69.13744832, 69.85786937, 0.86255168));
#1685 = CARTESIAN_POINT('', (69.11822795, 69.8667272, 0.88177205));
#1686 = CARTESIAN_POINT('', (69.09892293, 69.87529623, 0.90107707));
#1687 = CARTESIAN_POINT('', (69.07953407, 69.88357803, 0.92046593));
#1688 = CARTESIAN_POINT('', (69.06005185, 69.89157813, 0.93994815));
#1689 = CARTESIAN_POINT('', (69.0404705, 69.89929957, 0.9595295));
#1690 = CARTESIAN_POINT('', (69.02080566, 69.90673686, 0.97919434));
#1691 = CARTESIAN_POINT('', (68.99890681, 69.9146703, 1.00109319));
#1692 = CARTESIAN_POINT('', (68.97478079, 69.92296879, 1.02521921));
#1693 = CARTESIAN_POINT('', (68.94842187, 69.93149309, 1.05157813));
#1694 = CARTESIAN_POINT('', (68.92423446, 69.93882573, 1.07576554));
#1695 = CARTESIAN_POINT('', (68.90223944, 69.94511038, 1.09776056));
#1696 = CARTESIAN_POINT('', (68.88243978, 69.95047568, 1.11756022));
#1697 = CARTESIAN_POINT('', (68.8626024, 69.95556145, 1.1373976));
#1698 = CARTESIAN_POINT('', (68.84270929, 69.96037323, 1.15729071));
#1699 = CARTESIAN_POINT('', (68.82275485, 69.96491259, 1.17724515));
#1700 = CARTESIAN_POINT('', (68.80273432, 69.96918061, 1.19726568));
#1701 = CARTESIAN_POINT('', (68.78263683, 69.97317908, 1.21736317));
#1702 = CARTESIAN_POINT('', (68.76021691, 69.97732182, 1.23978309));
#1703 = CARTESIAN_POINT('', (68.73549108, 69.98148342, 1.26450892));
#1704 = CARTESIAN_POINT('', (68.70849177, 69.98552312, 1.29150823));
#1705 = CARTESIAN_POINT('', (68.68375662, 69.98876563, 1.31624338));
#1706 = CARTESIAN_POINT('', (68.6613064, 69.99134755, 1.3386936));
#1707 = CARTESIAN_POINT('', (68.64115185, 69.9933896, 1.35884815));
#1708 = CARTESIAN_POINT('', (68.62103489, 69.99515419, 1.37896511));
#1709 = CARTESIAN_POINT('', (68.60093903, 69.99664506, 1.39906097));
#1710 = CARTESIAN_POINT('', (68.58083019, 69.99786576, 1.41916981));
#1711 = CARTESIAN_POINT('', (68.56067754, 69.99881761, 1.43932246));
#1712 = CARTESIAN_POINT('', (68.53372992, 69.99972695, 1.46627008));
#1713 = CARTESIAN_POINT('', (68.51349546, 69.99999999, 1.48650454));
#1714 = CARTESIAN_POINT('', (68.5, 70., 1.5));
#1715 = B_SPLINE_CURVE_WITH_KNOTS('', 3, (#1659, #1660, #1661, #1662, #1663, #1664, #1665, #1666, #1667, #1668, #1669, #1670, #1671, #1672, #1673, #1674, #1675, #1676, #1677, #1678, #1679, #1680, #1681, #1682, #1683, #1684, #1685, #1686, #1687, #1688, #1689, #1690, #1691, #1692, #1693, #1694, #1695, #1696, #1697, #1698, #1699, #1700, #1701, #1702, #1703, #1704, #1705, #1706, #1707, #1708, #1709, #1710, #1711, #1712, #1713, #1714), .UNSPECIFIED., .F., .F., (4, 1, 1, 1, 1, 1, 1, 1, 1, 1, 1, 1, 1, 1, 1, 1, 1, 1, 1, 1, 1, 1, 1, 1, 1, 1, 1, 1, 1, 1, 1, 1, 1, 1, 1, 1, 1, 1, 1, 1, 1, 1, 1, 1, 1, 1, 1, 1, 1, 1, 1, 1, 1, 4), (0.44604885, 0.45010185, 0.46010866, 0.47011865, 0.4801294, 0.49013875, 0.50014524, 0.51014672, 0.52014045, 0.53012807, 0.54011642, 0.5501091, 0.56010239, 0.5700963, 0.58010145, 0.59012549, 0.60016124, 0.61019402, 0.62021599, 0.63022731, 0.64022865, 0.65021734, 0.66018964, 0.67015092, 0.68011671, 0.69009653, 0.70008481, 0.71007786, 0.72008784, 0.73012491, 0.74017928, 0.75023014, 0.76359901, 0.77694552, 0.79026761, 0.80022838, 0.81017311, 0.82011969, 0.83008171, 0.84005795, 0.85004744, 0.86006241, 0.87011075, 0.88352831, 0.89693382, 0.91031233, 0.92031217, 0.93028714, 0.94023309, 0.95015801, 0.9600854, 0.97003708, 0.98001609, 1.), .UNSPECIFIED.);
#1716 = DIRECTION('', (-1., -0., 0.));
#1717 = VECTOR('', #1716, 1.);
#1718 = CARTESIAN_POINT('', (68.5, 70., 1.5));
#1719 = LINE('', #1718, #1717);
#1720 = CARTESIAN_POINT('', (-68.5, 68.5, -0.));
#1721 = CARTESIAN_POINT('', (-68.51349418, 68.51349418, 0.00000001));
#1722 = CARTESIAN_POINT('', (-68.53372788, 68.53372788, 0.00027302));
#1723 = CARTESIAN_POINT('', (-68.56067534, 68.56067534, 0.0011823));
#1724 = CARTESIAN_POINT('', (-68.58082936, 68.58082936, 0.00213419));
#1725 = CARTESIAN_POINT('', (-68.60093903, 68.60093903, 0.00335494));
#1726 = CARTESIAN_POINT('', (-68.62103509, 68.62103509, 0.00484583));
#1727 = CARTESIAN_POINT('', (-68.64115199, 68.64115199, 0.00661041));
#1728 = CARTESIAN_POINT('', (-68.66130651, 68.66130651, 0.00865246));
#1729 = CARTESIAN_POINT('', (-68.68375674, 68.68375674, 0.01123438));
#1730 = CARTESIAN_POINT('', (-68.70849172, 68.70849172, 0.01447687));
#1731 = CARTESIAN_POINT('', (-68.73549068, 68.73549068, 0.01851652));
#1732 = CARTESIAN_POINT('', (-68.76021636, 68.76021636, 0.02267808));
#1733 = CARTESIAN_POINT('', (-68.78263705, 68.78263705, 0.02682096));
#1734 = CARTESIAN_POINT('', (-68.80273605, 68.80273605, 0.03081974));
#1735 = CARTESIAN_POINT('', (-68.82275765, 68.82275765, 0.03508803));
#1736 = CARTESIAN_POINT('', (-68.84271179, 68.84271179, 0.03962737));
#1737 = CARTESIAN_POINT('', (-68.8626037, 68.8626037, 0.04443888));
#1738 = CARTESIAN_POINT('', (-68.88244013, 68.88244013, 0.04952442));
#1739 = CARTESIAN_POINT('', (-68.90223954, 68.90223954, 0.05488965));
#1740 = CARTESIAN_POINT('', (-68.92423467, 68.92423467, 0.06117433));
#1741 = CARTESIAN_POINT('', (-68.94842216, 68.94842216, 0.068507));
#1742 = CARTESIAN_POINT('', (-68.9747811, 68.9747811, 0.07703131));
#1743 = CARTESIAN_POINT('', (-68.99890703, 68.99890703, 0.08532978));
#1744 = CARTESIAN_POINT('', (-69.02080568, 69.02080568, 0.09326315));
#1745 = CARTESIAN_POINT('', (-69.04047047, 69.04047047, 0.10070042));
#1746 = CARTESIAN_POINT('', (-69.06005233, 69.06005233, 0.10842206));
#1747 = CARTESIAN_POINT('', (-69.07953547, 69.07953547, 0.11642255));
#1748 = CARTESIAN_POINT('', (-69.09892491, 69.09892491, 0.12470463));
#1749 = CARTESIAN_POINT('', (-69.11822965, 69.11822965, 0.13327357));
#1750 = CARTESIAN_POINT('', (-69.13744922, 69.13744922, 0.14213106));
#1751 = CARTESIAN_POINT('', (-69.1565818, 69.1565818, 0.15127818));
#1752 = CARTESIAN_POINT('', (-69.1756373, 69.1756373, 0.16072203));
#1753 = CARTESIAN_POINT('', (-69.19463176, 69.19463176, 0.17047401));
#1754 = CARTESIAN_POINT('', (-69.2135724, 69.2135724, 0.18054233));
#1755 = CARTESIAN_POINT('', (-69.23245495, 69.23245495, 0.19092962));
#1756 = CARTESIAN_POINT('', (-69.25127221, 69.25127221, 0.20163679));
#1757 = CARTESIAN_POINT('', (-69.27001923, 69.27001923, 0.212666));
#1758 = CARTESIAN_POINT('', (-69.28868776, 69.28868776, 0.22401745));
#1759 = CARTESIAN_POINT('', (-69.30726015, 69.30726015, 0.23568517));
#1760 = CARTESIAN_POINT('', (-69.3257145, 69.3257145, 0.24765927));
#1761 = CARTESIAN_POINT('', (-69.34403844, 69.34403844, 0.25993482));
#1762 = CARTESIAN_POINT('', (-69.36223485, 69.36223485, 0.27251691));
#1763 = CARTESIAN_POINT('', (-69.38031068, 69.38031068, 0.28541442));
#1764 = CARTESIAN_POINT('', (-69.39826601, 69.39826601, 0.29863222));
#1765 = CARTESIAN_POINT('', (-69.41609666, 69.41609666, 0.31217228));
#1766 = CARTESIAN_POINT('', (-69.43380214, 69.43380214, 0.32603963));
#1767 = CARTESIAN_POINT('', (-69.45138466, 69.45138466, 0.34024209));
#1768 = CARTESIAN_POINT('', (-69.46884231, 69.46884231, 0.35478491));
#1769 = CARTESIAN_POINT('', (-69.48616782, 69.48616782, 0.36966915));
#1770 = CARTESIAN_POINT('', (-69.50335209, 69.50335209, 0.38489409));
#1771 = CARTESIAN_POINT('', (-69.52038623, 69.52038623, 0.40045904));
#1772 = CARTESIAN_POINT('', (-69.53726111, 69.53726111, 0.41636284));
#1773 = CARTESIAN_POINT('', (-69.5506566, 69.5506566, 0.42938526));
#1774 = CARTESIAN_POINT('', (-69.55842541, 69.55842541, 0.43710507));
#1775 = CARTESIAN_POINT('', (-69.56066017, 69.56066017, 0.43933983));
#1776 = B_SPLINE_CURVE_WITH_KNOTS('', 3, (#1720, #1721, #1722, #1723, #1724, #1725, #1726, #1727, #1728, #1729, #1730, #1731, #1732, #1733, #1734, #1735, #1736, #1737, #1738, #1739, #1740, #1741, #1742, #1743, #1744, #1745, #1746, #1747, #1748, #1749, #1750, #1751, #1752, #1753, #1754, #1755, #1756, #1757, #1758, #1759, #1760, #1761, #1762, #1763, #1764, #1765, #1766, #1767, #1768, #1769, #1770, #1771, #1772, #1773, #1774, #1775), .UNSPECIFIED., .F., .F., (4, 1, 1, 1, 1, 1, 1, 1, 1, 1, 1, 1, 1, 1, 1, 1, 1, 1, 1, 1, 1, 1, 1, 1, 1, 1, 1, 1, 1, 1, 1, 1, 1, 1, 1, 1, 1, 1, 1, 1, 1, 1, 1, 1, 1, 1, 1, 1, 1, 1, 1, 1, 1, 4), (0., 0.01998201, 0.02996181, 0.03991435, 0.04984212, 0.05976703, 0.06971291, 0.07968787, 0.08968773, 0.10306625, 0.1164715, 0.12988877, 0.13993744, 0.14995352, 0.15994382, 0.16991975, 0.17988082, 0.18982687, 0.19977164, 0.20973253, 0.22305462, 0.23640115, 0.24977002, 0.25982073, 0.26987494, 0.27991226, 0.28992293, 0.29991646, 0.30990447, 0.31988366, 0.3298491, 0.33981041, 0.34978279, 0.35977148, 0.36977279, 0.37978413, 0.38980612, 0.39983885, 0.40987456, 0.41989871, 0.42990412, 0.43989818, 0.44989134, 0.45988376, 0.46987196, 0.47985959, 0.48985335, 0.49985484, 0.50986132, 0.51987067, 0.52988143, 0.53989143, 0.54989825, 0.55395115), .UNSPECIFIED.);
#1777 = CARTESIAN_POINT('', (69.56066017, 69.56066017, 0.43933983));
#1778 = CARTESIAN_POINT('', (69.55843292, 69.55843292, 0.43711258));
#1779 = CARTESIAN_POINT('', (69.55067695, 69.55067695, 0.42940537));
#1780 = CARTESIAN_POINT('', (69.53730222, 69.53730222, 0.41640239));
#1781 = CARTESIAN_POINT('', (69.52044719, 69.52044719, 0.40051582));
#1782 = CARTESIAN_POINT('', (69.50342995, 69.50342995, 0.38496427));
#1783 = CARTESIAN_POINT('', (69.48625172, 69.48625172, 0.36974233));
#1784 = CARTESIAN_POINT('', (69.46891743, 69.46891743, 0.35484831));
#1785 = CARTESIAN_POINT('', (69.45143592, 69.45143592, 0.34028387));
#1786 = CARTESIAN_POINT('', (69.43381839, 69.43381839, 0.32605223));
#1787 = CARTESIAN_POINT('', (69.41607548, 69.41607548, 0.31215566));
#1788 = CARTESIAN_POINT('', (69.39821623, 69.39821623, 0.29859483));
#1789 = CARTESIAN_POINT('', (69.38024893, 69.38024893, 0.28536965));
#1790 = CARTESIAN_POINT('', (69.36217962, 69.36217962, 0.27247823));
#1791 = CARTESIAN_POINT('', (69.34400857, 69.34400857, 0.25991474));
#1792 = CARTESIAN_POINT('', (69.32573068, 69.32573068, 0.24767035));
#1793 = CARTESIAN_POINT('', (69.30734215, 69.30734215, 0.23573805));
#1794 = CARTESIAN_POINT('', (69.28884355, 69.28884355, 0.22411426));
#1795 = CARTESIAN_POINT('', (69.27023463, 69.27023463, 0.21279517));
#1796 = CARTESIAN_POINT('', (69.25151132, 69.25151132, 0.20177517));
#1797 = CARTESIAN_POINT('', (69.23267271, 69.23267271, 0.19105118));
#1798 = CARTESIAN_POINT('', (69.21372977, 69.21372977, 0.18062696));
#1799 = CARTESIAN_POINT('', (69.19470236, 69.19470236, 0.1705103));
#1800 = CARTESIAN_POINT('', (69.1756089, 69.1756089, 0.16070708));
#1801 = CARTESIAN_POINT('', (69.15646048, 69.15646048, 0.15121862));
#1802 = CARTESIAN_POINT('', (69.13726375, 69.13726375, 0.14204376));
#1803 = CARTESIAN_POINT('', (69.11802552, 69.11802552, 0.13318131));
#1804 = CARTESIAN_POINT('', (69.09874901, 69.09874901, 0.12462834));
#1805 = CARTESIAN_POINT('', (69.07942638, 69.07942638, 0.11637733));
#1806 = CARTESIAN_POINT('', (69.06004031, 69.06004031, 0.10841783));
#1807 = CARTESIAN_POINT('', (69.04057794, 69.04057794, 0.10074262));
#1808 = CARTESIAN_POINT('', (69.02103731, 69.02103731, 0.09334958));
#1809 = CARTESIAN_POINT('', (69.00141691, 69.00141691, 0.0862369));
#1810 = CARTESIAN_POINT('', (68.98170882, 68.98170882, 0.07940095));
#1811 = CARTESIAN_POINT('', (68.96191027, 68.96191027, 0.07284061));
#1812 = CARTESIAN_POINT('', (68.94203839, 68.94203839, 0.06656124));
#1813 = CARTESIAN_POINT('', (68.92212377, 68.92212377, 0.0605712));
#1814 = CARTESIAN_POINT('', (68.90219216, 68.90219216, 0.05487572));
#1815 = CARTESIAN_POINT('', (68.88225586, 68.88225586, 0.04947522));
#1816 = CARTESIAN_POINT('', (68.86232019, 68.86232019, 0.04436792));
#1817 = CARTESIAN_POINT('', (68.8423916, 68.8423916, 0.03955227));
#1818 = CARTESIAN_POINT('', (68.82247166, 68.82247166, 0.03502539));
#1819 = CARTESIAN_POINT('', (68.80254592, 68.80254592, 0.03078117));
#1820 = CARTESIAN_POINT('', (68.78258724, 68.78258724, 0.02681215));
#1821 = CARTESIAN_POINT('', (68.76257662, 68.76257662, 0.02311421));
#1822 = CARTESIAN_POINT('', (68.74251057, 68.74251057, 0.01968693));
#1823 = CARTESIAN_POINT('', (68.7223832, 68.7223832, 0.01652968));
#1824 = CARTESIAN_POINT('', (68.70217851, 68.70217851, 0.01364101));
#1825 = CARTESIAN_POINT('', (68.68189331, 68.68189331, 0.01102229));
#1826 = CARTESIAN_POINT('', (68.661559, 68.661559, 0.00867899));
#1827 = CARTESIAN_POINT('', (68.6412241, 68.6412241, 0.00661637));
#1828 = CARTESIAN_POINT('', (68.62092162, 68.62092162, 0.00483581));
#1829 = CARTESIAN_POINT('', (68.60066099, 68.60066099, 0.00333553));
#1830 = CARTESIAN_POINT('', (68.58044228, 68.58044228, 0.00211302));
#1831 = CARTESIAN_POINT('', (68.56026761, 68.56026761, 0.00116599));
#1832 = CARTESIAN_POINT('', (68.53346044, 68.53346044, 0.00026862));
#1833 = CARTESIAN_POINT('', (68.51337476, 68.51337476, 0.00000001));
#1834 = CARTESIAN_POINT('', (68.5, 68.5, -0.));
#1835 = B_SPLINE_CURVE_WITH_KNOTS('', 3, (#1777, #1778, #1779, #1780, #1781, #1782, #1783, #1784, #1785, #1786, #1787, #1788, #1789, #1790, #1791, #1792, #1793, #1794, #1795, #1796, #1797, #1798, #1799, #1800, #1801, #1802, #1803, #1804, #1805, #1806, #1807, #1808, #1809, #1810, #1811, #1812, #1813, #1814, #1815, #1816, #1817, #1818, #1819, #1820, #1821, #1822, #1823, #1824, #1825, #1826, #1827, #1828, #1829, #1830, #1831, #1832, #1833, #1834), .UNSPECIFIED., .F., .F., (4, 1, 1, 1, 1, 1, 1, 1, 1, 1, 1, 1, 1, 1, 1, 1, 1, 1, 1, 1, 1, 1, 1, 1, 1, 1, 1, 1, 1, 1, 1, 1, 1, 1, 1, 1, 1, 1, 1, 1, 1, 1, 1, 1, 1, 1, 1, 1, 1, 1, 1, 1, 1, 1, 1, 4), (0.44604864, 0.45008793, 0.46008519, 0.47008147, 0.48008104, 0.49008666, 0.5000988, 0.51011477, 0.5201303, 0.53014183, 0.54014765, 0.55014614, 0.56013487, 0.57011578, 0.58009648, 0.59008288, 0.60007421, 0.61007053, 0.62007882, 0.63010413, 0.64014105, 0.65017749, 0.66020459, 0.67021952, 0.68022188, 0.69020979, 0.70018004, 0.71013771, 0.72009788, 0.73007154, 0.74005642, 0.75005052, 0.76006407, 0.77010443, 0.78016149, 0.79021528, 0.80025292, 0.81027201, 0.82027298, 0.83025346, 0.84020931, 0.85014819, 0.86009165, 0.87005425, 0.8800312, 0.89002075, 0.90004101, 0.91010217, 0.92018332, 0.93025121, 0.94029081, 0.95030435, 0.96029363, 0.9702574, 0.98019483, 1.), .UNSPECIFIED.);
#1836 = DIRECTION('', (-1., -0., 0.));
#1837 = VECTOR('', #1836, 1.);
#1838 = CARTESIAN_POINT('', (68.5, 68.5, 0.));
#1839 = LINE('', #1838, #1837);
#1840 = DIRECTION('', (0., -1., 0.));
#1841 = VECTOR('', #1840, 1.);
#1842 = CARTESIAN_POINT('', (-68.5, 68.5, 0.));
#1843 = LINE('', #1842, #1841);
#1844 = DIRECTION('', (0., -0., 1.));
#1845 = VECTOR('', #1844, 1.);
#1846 = CARTESIAN_POINT('', (68.5, 70., 1.5));
#1847 = LINE('', #1846, #1845);
#1848 = CARTESIAN_POINT('', (-69.56066017, 69.56066017, 0.43933983));
#1849 = CARTESIAN_POINT('', (-69.56289498, 69.55842536, 0.44157464));
#1850 = CARTESIAN_POINT('', (-69.57061484, 69.55065649, 0.44934351));
#1851 = CARTESIAN_POINT('', (-69.58363731, 69.53726095, 0.46273905));
#1852 = CARTESIAN_POINT('', (-69.59954109, 69.52038609, 0.47961391));
#1853 = CARTESIAN_POINT('', (-69.61510602, 69.50335196, 0.49664804));
#1854 = CARTESIAN_POINT('', (-69.63033096, 69.48616769, 0.51383231));
#1855 = CARTESIAN_POINT('', (-69.6452152, 69.46884218, 0.53115782));
#1856 = CARTESIAN_POINT('', (-69.659758, 69.45138455, 0.54861545));
#1857 = CARTESIAN_POINT('', (-69.67396043, 69.43380206, 0.56619794));
#1858 = CARTESIAN_POINT('', (-69.68782783, 69.41609651, 0.58390349));
#1859 = CARTESIAN_POINT('', (-69.70136807, 69.39826563, 0.60173437));
#1860 = CARTESIAN_POINT('', (-69.7145861, 69.38030997, 0.61969003));
#1861 = CARTESIAN_POINT('', (-69.72748371, 69.36223398, 0.63776602));
#1862 = CARTESIAN_POINT('', (-69.74006565, 69.34403774, 0.65596226));
#1863 = CARTESIAN_POINT('', (-69.75234098, 69.32571411, 0.67428589));
#1864 = CARTESIAN_POINT('', (-69.76431494, 69.30725997, 0.69274003));
#1865 = CARTESIAN_POINT('', (-69.77598265, 69.28868759, 0.71131241));
#1866 = CARTESIAN_POINT('', (-69.78733413, 69.27001902, 0.72998098));
#1867 = CARTESIAN_POINT('', (-69.79836334, 69.25127199, 0.74872801));
#1868 = CARTESIAN_POINT('', (-69.80907051, 69.23245473, 0.76754527));
#1869 = CARTESIAN_POINT('', (-69.8194578, 69.21357217, 0.78642783));
#1870 = CARTESIAN_POINT('', (-69.82952609, 69.19463157, 0.80536843));
#1871 = CARTESIAN_POINT('', (-69.83927804, 69.17563718, 0.82436282));
#1872 = CARTESIAN_POINT('', (-69.84872196, 69.15658152, 0.84341848));
#1873 = CARTESIAN_POINT('', (-69.85786937, 69.13744832, 0.86255168));
#1874 = CARTESIAN_POINT('', (-69.8667272, 69.11822795, 0.88177205));
#1875 = CARTESIAN_POINT('', (-69.87529623, 69.09892293, 0.90107707));
#1876 = CARTESIAN_POINT('', (-69.88357803, 69.07953407, 0.92046593));
#1877 = CARTESIAN_POINT('', (-69.89157813, 69.06005185, 0.93994815));
#1878 = CARTESIAN_POINT('', (-69.89929957, 69.0404705, 0.9595295));
#1879 = CARTESIAN_POINT('', (-69.90673686, 69.02080566, 0.97919434));
#1880 = CARTESIAN_POINT('', (-69.9146703, 68.99890681, 1.00109319));
#1881 = CARTESIAN_POINT('', (-69.92296879, 68.97478079, 1.02521921));
#1882 = CARTESIAN_POINT('', (-69.93149309, 68.94842187, 1.05157813));
#1883 = CARTESIAN_POINT('', (-69.93882573, 68.92423446, 1.07576554));
#1884 = CARTESIAN_POINT('', (-69.94511038, 68.90223944, 1.09776056));
#1885 = CARTESIAN_POINT('', (-69.95047568, 68.88243978, 1.11756022));
#1886 = CARTESIAN_POINT('', (-69.95556145, 68.8626024, 1.1373976));
#1887 = CARTESIAN_POINT('', (-69.96037323, 68.84270929, 1.15729071));
#1888 = CARTESIAN_POINT('', (-69.96491259, 68.82275485, 1.17724515));
#1889 = CARTESIAN_POINT('', (-69.96918061, 68.80273432, 1.19726568));
#1890 = CARTESIAN_POINT('', (-69.97317908, 68.78263683, 1.21736317));
#1891 = CARTESIAN_POINT('', (-69.97732182, 68.76021691, 1.23978309));
#1892 = CARTESIAN_POINT('', (-69.98148342, 68.73549108, 1.26450892));
#1893 = CARTESIAN_POINT('', (-69.98552312, 68.70849177, 1.29150823));
#1894 = CARTESIAN_POINT('', (-69.98876563, 68.68375662, 1.31624338));
#1895 = CARTESIAN_POINT('', (-69.99134755, 68.6613064, 1.3386936));
#1896 = CARTESIAN_POINT('', (-69.9933896, 68.64115185, 1.35884815));
#1897 = CARTESIAN_POINT('', (-69.99515419, 68.62103489, 1.37896511));
#1898 = CARTESIAN_POINT('', (-69.99664506, 68.60093903, 1.39906097));
#1899 = CARTESIAN_POINT('', (-69.99786576, 68.58083019, 1.41916981));
#1900 = CARTESIAN_POINT('', (-69.99881761, 68.56067754, 1.43932246));
#1901 = CARTESIAN_POINT('', (-69.99972695, 68.53372992, 1.46627008));
#1902 = CARTESIAN_POINT('', (-69.99999999, 68.51349546, 1.48650454));
#1903 = CARTESIAN_POINT('', (-70., 68.5, 1.5));
#1904 = B_SPLINE_CURVE_WITH_KNOTS('', 3, (#1848, #1849, #1850, #1851, #1852, #1853, #1854, #1855, #1856, #1857, #1858, #1859, #1860, #1861, #1862, #1863, #1864, #1865, #1866, #1867, #1868, #1869, #1870, #1871, #1872, #1873, #1874, #1875, #1876, #1877, #1878, #1879, #1880, #1881, #1882, #1883, #1884, #1885, #1886, #1887, #1888, #1889, #1890, #1891, #1892, #1893, #1894, #1895, #1896, #1897, #1898, #1899, #1900, #1901, #1902, #1903), .UNSPECIFIED., .F., .F., (4, 1, 1, 1, 1, 1, 1, 1, 1, 1, 1, 1, 1, 1, 1, 1, 1, 1, 1, 1, 1, 1, 1, 1, 1, 1, 1, 1, 1, 1, 1, 1, 1, 1, 1, 1, 1, 1, 1, 1, 1, 1, 1, 1, 1, 1, 1, 1, 1, 1, 1, 1, 1, 4), (0.44604885, 0.45010185, 0.46010866, 0.47011865, 0.4801294, 0.49013875, 0.50014524, 0.51014672, 0.52014045, 0.53012807, 0.54011642, 0.5501091, 0.56010239, 0.5700963, 0.58010145, 0.59012549, 0.60016124, 0.61019402, 0.62021599, 0.63022731, 0.64022865, 0.65021734, 0.66018964, 0.67015092, 0.68011671, 0.69009653, 0.70008481, 0.71007786, 0.72008784, 0.73012491, 0.74017928, 0.75023014, 0.76359901, 0.77694552, 0.79026761, 0.80022838, 0.81017311, 0.82011969, 0.83008171, 0.84005795, 0.85004744, 0.86006241, 0.87011075, 0.88352831, 0.89693382, 0.91031233, 0.92031217, 0.93028714, 0.94023309, 0.95015801, 0.9600854, 0.97003708, 0.98001609, 1.), .UNSPECIFIED.);
#1905 = DIRECTION('', (0., -0., 1.));
#1906 = VECTOR('', #1905, 1.);
#1907 = CARTESIAN_POINT('', (-68.5, 70., 1.5));
#1908 = LINE('', #1907, #1906);
#1909 = DIRECTION('', (0., 1., 0.));
#1910 = VECTOR('', #1909, 1.);
#1911 = CARTESIAN_POINT('', (67., -67., 3.));
#1912 = LINE('', #1911, #1910);
#1913 = DIRECTION('', (0., -0., 1.));
#1914 = VECTOR('', #1913, 1.);
#1915 = CARTESIAN_POINT('', (67., 67., 3.));
#1916 = LINE('', #1915, #1914);
#1917 = DIRECTION('', (0., 1., 0.));
#1918 = VECTOR('', #1917, 1.);
#1919 = CARTESIAN_POINT('', (67., -67., 172.));
#1920 = LINE('', #1919, #1918);
#1921 = DIRECTION('', (0., -0., 1.));
#1922 = VECTOR('', #1921, 1.);
#1923 = CARTESIAN_POINT('', (67., -67., 3.));
#1924 = LINE('', #1923, #1922);
#1925 = DIRECTION('', (-1., -0., 0.));
#1926 = VECTOR('', #1925, 1.);
#1927 = CARTESIAN_POINT('', (67., 67., 3.));
#1928 = LINE('', #1927, #1926);
#1929 = DIRECTION('', (0., -0., 1.));
#1930 = VECTOR('', #1929, 1.);
#1931 = CARTESIAN_POINT('', (-67., 67., 3.));
#1932 = LINE('', #1931, #1930);
#1933 = DIRECTION('', (-1., -0., 0.));
#1934 = VECTOR('', #1933, 1.);
#1935 = CARTESIAN_POINT('', (67., 67., 172.));
#1936 = LINE('', #1935, #1934);
#1937 = DIRECTION('', (0., -1., 0.));
#1938 = VECTOR('', #1937, 1.);
#1939 = CARTESIAN_POINT('', (-67., 67., 3.));
#1940 = LINE('', #1939, #1938);
#1941 = DIRECTION('', (0., -0., 1.));
#1942 = VECTOR('', #1941, 1.);
#1943 = CARTESIAN_POINT('', (-67., -67., 3.));
#1944 = LINE('', #1943, #1942);
#1945 = DIRECTION('', (0., -1., 0.));
#1946 = VECTOR('', #1945, 1.);
#1947 = CARTESIAN_POINT('', (-67., 67., 172.));
#1948 = LINE('', #1947, #1946);
#1949 = DIRECTION('', (1., -0., 0.));
#1950 = VECTOR('', #1949, 1.);
#1951 = CARTESIAN_POINT('', (-67., -67., 3.));
#1952 = LINE('', #1951, #1950);
#1953 = DIRECTION('', (1., -0., 0.));
#1954 = VECTOR('', #1953, 1.);
#1955 = CARTESIAN_POINT('', (-67., -67., 172.));
#1956 = LINE('', #1955, #1954);
#1957 = DIRECTION('', (0., 1., 0.));
#1958 = VECTOR('', #1957, 1.);
#1959 = CARTESIAN_POINT('', (67., -67., 13.));
#1960 = LINE('', #1959, #1958);
#1961 = DIRECTION('', (0., 1., 0.));
#1962 = VECTOR('', #1961, 1.);
#1963 = CARTESIAN_POINT('', (67., -67., 16.));
#1964 = LINE('', #1963, #1962);
#1965 = DIRECTION('', (-1., -0., 0.));
#1966 = VECTOR('', #1965, 1.);
#1967 = CARTESIAN_POINT('', (67., 67., 13.));
#1968 = LINE('', #1967, #1966);
#1969 = DIRECTION('', (-1., -0., 0.));
#1970 = VECTOR('', #1969, 1.);
#1971 = CARTESIAN_POINT('', (67., 67., 16.));
#1972 = LINE('', #1971, #1970);
#1973 = DIRECTION('', (0., -1., 0.));
#1974 = VECTOR('', #1973, 1.);
#1975 = CARTESIAN_POINT('', (-67., 67., 13.));
#1976 = LINE('', #1975, #1974);
#1977 = DIRECTION('', (0., -1., 0.));
#1978 = VECTOR('', #1977, 1.);
#1979 = CARTESIAN_POINT('', (-67., 67., 16.));
#1980 = LINE('', #1979, #1978);
#1981 = DIRECTION('', (1., -0., 0.));
#1982 = VECTOR('', #1981, 1.);
#1983 = CARTESIAN_POINT('', (-67., -67., 13.));
#1984 = LINE('', #1983, #1982);
#1985 = DIRECTION('', (1., -0., 0.));
#1986 = VECTOR('', #1985, 1.);
#1987 = CARTESIAN_POINT('', (-67., -67., 16.));
#1988 = LINE('', #1987, #1986);
#1989 = DIRECTION('', (0., -0., 1.));
#1990 = VECTOR('', #1989, 1.);
#1991 = CARTESIAN_POINT('', (-67., -67., 16.));
#1992 = LINE('', #1991, #1990);
#1993 = DIRECTION('', (0., -0., 1.));
#1994 = VECTOR('', #1993, 1.);
#1995 = CARTESIAN_POINT('', (-67., 67., 16.));
#1996 = LINE('', #1995, #1994);
#1997 = DIRECTION('', (0., -0., 1.));
#1998 = VECTOR('', #1997, 1.);
#1999 = CARTESIAN_POINT('', (67., 67., 16.));
#2000 = LINE('', #1999, #1998);
#2001 = DIRECTION('', (0., -0., 1.));
#2002 = VECTOR('', #2001, 1.);
#2003 = CARTESIAN_POINT('', (67., -67., 16.));
#2004 = LINE('', #2003, #2002);
#2005 = DIRECTION('', (0., 1., 0.));
#2006 = VECTOR('', #2005, 1.);
#2007 = CARTESIAN_POINT('', (-1.5, 7.84, 13.));
#2008 = LINE('', #2007, #2006);
#2009 = DIRECTION('', (0., -0., 1.));
#2010 = VECTOR('', #2009, 1.);
#2011 = CARTESIAN_POINT('', (-1.5, 28.16, 13.));
#2012 = LINE('', #2011, #2010);
#2013 = DIRECTION('', (0., 1., 0.));
#2014 = VECTOR('', #2013, 1.);
#2015 = CARTESIAN_POINT('', (-1.5, 7.84, 16.));
#2016 = LINE('', #2015, #2014);
#2017 = DIRECTION('', (0., -0., 1.));
#2018 = VECTOR('', #2017, 1.);
#2019 = CARTESIAN_POINT('', (-1.5, 7.84, 13.));
#2020 = LINE('', #2019, #2018);
#2021 = DIRECTION('', (-1., -0., 0.));
#2022 = VECTOR('', #2021, 1.);
#2023 = CARTESIAN_POINT('', (-1.5, 28.16, 13.));
#2024 = LINE('', #2023, #2022);
#2025 = DIRECTION('', (0., -0., 1.));
#2026 = VECTOR('', #2025, 1.);
#2027 = CARTESIAN_POINT('', (-33.885, 28.16, 13.));
#2028 = LINE('', #2027, #2026);
#2029 = DIRECTION('', (-1., -0., 0.));
#2030 = VECTOR('', #2029, 1.);
#2031 = CARTESIAN_POINT('', (-1.5, 28.16, 16.));
#2032 = LINE('', #2031, #2030);
#2033 = DIRECTION('', (0., -1., 0.));
#2034 = VECTOR('', #2033, 1.);
#2035 = CARTESIAN_POINT('', (-33.885, 28.16, 13.));
#2036 = LINE('', #2035, #2034);
#2037 = DIRECTION('', (0., -0., 1.));
#2038 = VECTOR('', #2037, 1.);
#2039 = CARTESIAN_POINT('', (-33.885, 7.84, 13.));
#2040 = LINE('', #2039, #2038);
#2041 = DIRECTION('', (0., -1., 0.));
#2042 = VECTOR('', #2041, 1.);
#2043 = CARTESIAN_POINT('', (-33.885, 28.16, 16.));
#2044 = LINE('', #2043, #2042);
#2045 = DIRECTION('', (1., -0., 0.));
#2046 = VECTOR('', #2045, 1.);
#2047 = CARTESIAN_POINT('', (-33.885, 7.84, 13.));
#2048 = LINE('', #2047, #2046);
#2049 = DIRECTION('', (1., -0., 0.));
#2050 = VECTOR('', #2049, 1.);
#2051 = CARTESIAN_POINT('', (-33.885, 7.84, 16.));
#2052 = LINE('', #2051, #2050);
#2053 = DIRECTION('', (0., 1., 0.));
#2054 = VECTOR('', #2053, 1.);
#2055 = CARTESIAN_POINT('', (33.885, 7.84, 13.));
#2056 = LINE('', #2055, #2054);
#2057 = DIRECTION('', (0., -0., 1.));
#2058 = VECTOR('', #2057, 1.);
#2059 = CARTESIAN_POINT('', (33.885, 28.16, 13.));
#2060 = LINE('', #2059, #2058);
#2061 = DIRECTION('', (0., 1., 0.));
#2062 = VECTOR('', #2061, 1.);
#2063 = CARTESIAN_POINT('', (33.885, 7.84, 16.));
#2064 = LINE('', #2063, #2062);
#2065 = DIRECTION('', (0., -0., 1.));
#2066 = VECTOR('', #2065, 1.);
#2067 = CARTESIAN_POINT('', (33.885, 7.84, 13.));
#2068 = LINE('', #2067, #2066);
#2069 = DIRECTION('', (-1., -0., 0.));
#2070 = VECTOR('', #2069, 1.);
#2071 = CARTESIAN_POINT('', (33.885, 28.16, 13.));
#2072 = LINE('', #2071, #2070);
#2073 = DIRECTION('', (0., -0., 1.));
#2074 = VECTOR('', #2073, 1.);
#2075 = CARTESIAN_POINT('', (1.5, 28.16, 13.));
#2076 = LINE('', #2075, #2074);
#2077 = DIRECTION('', (-1., -0., 0.));
#2078 = VECTOR('', #2077, 1.);
#2079 = CARTESIAN_POINT('', (33.885, 28.16, 16.));
#2080 = LINE('', #2079, #2078);
#2081 = DIRECTION('', (0., -1., 0.));
#2082 = VECTOR('', #2081, 1.);
#2083 = CARTESIAN_POINT('', (1.5, 28.16, 13.));
#2084 = LINE('', #2083, #2082);
#2085 = DIRECTION('', (0., -0., 1.));
#2086 = VECTOR('', #2085, 1.);
#2087 = CARTESIAN_POINT('', (1.5, 7.84, 13.));
#2088 = LINE('', #2087, #2086);
#2089 = DIRECTION('', (0., -1., 0.));
#2090 = VECTOR('', #2089, 1.);
#2091 = CARTESIAN_POINT('', (1.5, 28.16, 16.));
#2092 = LINE('', #2091, #2090);
#2093 = DIRECTION('', (1., -0., 0.));
#2094 = VECTOR('', #2093, 1.);
#2095 = CARTESIAN_POINT('', (1.5, 7.84, 13.));
#2096 = LINE('', #2095, #2094);
#2097 = DIRECTION('', (1., -0., 0.));
#2098 = VECTOR('', #2097, 1.);
#2099 = CARTESIAN_POINT('', (1.5, 7.84, 16.));
#2100 = LINE('', #2099, #2098);
#2101 = DIRECTION('', (0., 1., 0.));
#2102 = VECTOR('', #2101, 1.);
#2103 = CARTESIAN_POINT('', (-13., -27., 13.));
#2104 = LINE('', #2103, #2102);
#2105 = DIRECTION('', (0., -0., 1.));
#2106 = VECTOR('', #2105, 1.);
#2107 = CARTESIAN_POINT('', (-13., -13., 13.));
#2108 = LINE('', #2107, #2106);
#2109 = DIRECTION('', (0., 1., 0.));
#2110 = VECTOR('', #2109, 1.);
#2111 = CARTESIAN_POINT('', (-13., -27., 16.));
#2112 = LINE('', #2111, #2110);
#2113 = DIRECTION('', (0., -0., 1.));
#2114 = VECTOR('', #2113, 1.);
#2115 = CARTESIAN_POINT('', (-13., -27., 13.));
#2116 = LINE('', #2115, #2114);
#2117 = DIRECTION('', (-1., -0., 0.));
#2118 = VECTOR('', #2117, 1.);
#2119 = CARTESIAN_POINT('', (-13., -13., 13.));
#2120 = LINE('', #2119, #2118);
#2121 = DIRECTION('', (0., -0., 1.));
#2122 = VECTOR('', #2121, 1.);
#2123 = CARTESIAN_POINT('', (-31., -13., 13.));
#2124 = LINE('', #2123, #2122);
#2125 = DIRECTION('', (-1., -0., 0.));
#2126 = VECTOR('', #2125, 1.);
#2127 = CARTESIAN_POINT('', (-13., -13., 16.));
#2128 = LINE('', #2127, #2126);
#2129 = DIRECTION('', (0., -1., 0.));
#2130 = VECTOR('', #2129, 1.);
#2131 = CARTESIAN_POINT('', (-31., -13., 13.));
#2132 = LINE('', #2131, #2130);
#2133 = DIRECTION('', (0., -0., 1.));
#2134 = VECTOR('', #2133, 1.);
#2135 = CARTESIAN_POINT('', (-31., -27., 13.));
#2136 = LINE('', #2135, #2134);
#2137 = DIRECTION('', (0., -1., 0.));
#2138 = VECTOR('', #2137, 1.);
#2139 = CARTESIAN_POINT('', (-31., -13., 16.));
#2140 = LINE('', #2139, #2138);
#2141 = DIRECTION('', (1., -0., 0.));
#2142 = VECTOR('', #2141, 1.);
#2143 = CARTESIAN_POINT('', (-31., -27., 13.));
#2144 = LINE('', #2143, #2142);
#2145 = DIRECTION('', (1., -0., 0.));
#2146 = VECTOR('', #2145, 1.);
#2147 = CARTESIAN_POINT('', (-31., -27., 16.));
#2148 = LINE('', #2147, #2146);
#2149 = DIRECTION('', (0., 1., 0.));
#2150 = VECTOR('', #2149, 1.);
#2151 = CARTESIAN_POINT('', (28.5, -25.25, 13.));
#2152 = LINE('', #2151, #2150);
#2153 = DIRECTION('', (0., -0., 1.));
#2154 = VECTOR('', #2153, 1.);
#2155 = CARTESIAN_POINT('', (28.5, -14.75, 13.));
#2156 = LINE('', #2155, #2154);
#2157 = DIRECTION('', (0., 1., 0.));
#2158 = VECTOR('', #2157, 1.);
#2159 = CARTESIAN_POINT('', (28.5, -25.25, 16.));
#2160 = LINE('', #2159, #2158);
#2161 = DIRECTION('', (0., -0., 1.));
#2162 = VECTOR('', #2161, 1.);
#2163 = CARTESIAN_POINT('', (28.5, -25.25, 13.));
#2164 = LINE('', #2163, #2162);
#2165 = DIRECTION('', (-1., -0., 0.));
#2166 = VECTOR('', #2165, 1.);
#2167 = CARTESIAN_POINT('', (28.5, -14.75, 13.));
#2168 = LINE('', #2167, #2166);
#2169 = DIRECTION('', (0., -0., 1.));
#2170 = VECTOR('', #2169, 1.);
#2171 = CARTESIAN_POINT('', (15.5, -14.75, 13.));
#2172 = LINE('', #2171, #2170);
#2173 = DIRECTION('', (-1., -0., 0.));
#2174 = VECTOR('', #2173, 1.);
#2175 = CARTESIAN_POINT('', (28.5, -14.75, 16.));
#2176 = LINE('', #2175, #2174);
#2177 = DIRECTION('', (0., -1., 0.));
#2178 = VECTOR('', #2177, 1.);
#2179 = CARTESIAN_POINT('', (15.5, -14.75, 13.));
#2180 = LINE('', #2179, #2178);
#2181 = DIRECTION('', (0., -0., 1.));
#2182 = VECTOR('', #2181, 1.);
#2183 = CARTESIAN_POINT('', (15.5, -25.25, 13.));
#2184 = LINE('', #2183, #2182);
#2185 = DIRECTION('', (0., -1., 0.));
#2186 = VECTOR('', #2185, 1.);
#2187 = CARTESIAN_POINT('', (15.5, -14.75, 16.));
#2188 = LINE('', #2187, #2186);
#2189 = DIRECTION('', (1., -0., 0.));
#2190 = VECTOR('', #2189, 1.);
#2191 = CARTESIAN_POINT('', (15.5, -25.25, 13.));
#2192 = LINE('', #2191, #2190);
#2193 = DIRECTION('', (1., -0., 0.));
#2194 = VECTOR('', #2193, 1.);
#2195 = CARTESIAN_POINT('', (15.5, -25.25, 16.));
#2196 = LINE('', #2195, #2194);
#2197 = DIRECTION('', (0., -0., 1.));
#2198 = VECTOR('', #2197, 1.);
#2199 = CARTESIAN_POINT('', (10., -67.5, 16.));
#2200 = LINE('', #2199, #2198);
#2201 = DIRECTION('', (0., -1., 0.));
#2202 = VECTOR('', #2201, 1.);
#2203 = CARTESIAN_POINT('', (10., -67.5, 24.));
#2204 = LINE('', #2203, #2202);
#2205 = DIRECTION('', (0., -1., 0.));
#2206 = VECTOR('', #2205, 1.);
#2207 = CARTESIAN_POINT('', (10., -67.5, 16.));
#2208 = LINE('', #2207, #2206);
#2209 = DIRECTION('', (-1., -0., 0.));
#2210 = VECTOR('', #2209, 1.);
#2211 = CARTESIAN_POINT('', (10., -67.5, 24.));
#2212 = LINE('', #2211, #2210);
#2213 = DIRECTION('', (0., -1., 0.));
#2214 = VECTOR('', #2213, 1.);
#2215 = CARTESIAN_POINT('', (-10., -67.5, 24.));
#2216 = LINE('', #2215, #2214);
#2217 = DIRECTION('', (0., -0., -1.));
#2218 = VECTOR('', #2217, 1.);
#2219 = CARTESIAN_POINT('', (-10., -67.5, 24.));
#2220 = LINE('', #2219, #2218);
#2221 = DIRECTION('', (0., -1., 0.));
#2222 = VECTOR('', #2221, 1.);
#2223 = CARTESIAN_POINT('', (-10., -67.5, 16.));
#2224 = LINE('', #2223, #2222);
#2225 = DIRECTION('', (1., -0., 0.));
#2226 = VECTOR('', #2225, 1.);
#2227 = CARTESIAN_POINT('', (-10., -67.5, 16.));
#2228 = LINE('', #2227, #2226);
#2229 = DIRECTION('', (0., -0., 1.));
#2230 = VECTOR('', #2229, 1.);
#2231 = CARTESIAN_POINT('', (10., -70., 16.));
#2232 = LINE('', #2231, #2230);
#2233 = DIRECTION('', (-1., -0., 0.));
#2234 = VECTOR('', #2233, 1.);
#2235 = CARTESIAN_POINT('', (10., -70., 24.));
#2236 = LINE('', #2235, #2234);
#2237 = DIRECTION('', (0., -0., -1.));
#2238 = VECTOR('', #2237, 1.);
#2239 = CARTESIAN_POINT('', (-10., -70., 24.));
#2240 = LINE('', #2239, #2238);
#2241 = DIRECTION('', (1., -0., 0.));
#2242 = VECTOR('', #2241, 1.);
#2243 = CARTESIAN_POINT('', (-10., -70., 16.));
#2244 = LINE('', #2243, #2242);
#2245 = DIRECTION('', (0., -0., 1.));
#2246 = VECTOR('', #2245, 1.);
#2247 = CARTESIAN_POINT('', (70., 60., 26.));
#2248 = LINE('', #2247, #2246);
#2249 = DIRECTION('', (1., -0., 0.));
#2250 = VECTOR('', #2249, 1.);
#2251 = CARTESIAN_POINT('', (70., 60., 146.));
#2252 = LINE('', #2251, #2250);
#2253 = DIRECTION('', (0., -0., 1.));
#2254 = VECTOR('', #2253, 1.);
#2255 = CARTESIAN_POINT('', (73., 60., 26.));
#2256 = LINE('', #2255, #2254);
#2257 = DIRECTION('', (1., -0., 0.));
#2258 = VECTOR('', #2257, 1.);
#2259 = CARTESIAN_POINT('', (70., 60., 26.));
#2260 = LINE('', #2259, #2258);
#2261 = DIRECTION('', (0., -1., 0.));
#2262 = VECTOR('', #2261, 1.);
#2263 = CARTESIAN_POINT('', (70., 60., 146.));
#2264 = LINE('', #2263, #2262);
#2265 = DIRECTION('', (1., -0., 0.));
#2266 = VECTOR('', #2265, 1.);
#2267 = CARTESIAN_POINT('', (70., -60., 146.));
#2268 = LINE('', #2267, #2266);
#2269 = DIRECTION('', (0., -1., 0.));
#2270 = VECTOR('', #2269, 1.);
#2271 = CARTESIAN_POINT('', (73., 60., 146.));
#2272 = LINE('', #2271, #2270);
#2273 = DIRECTION('', (0., -0., -1.));
#2274 = VECTOR('', #2273, 1.);
#2275 = CARTESIAN_POINT('', (70., -60., 146.));
#2276 = LINE('', #2275, #2274);
#2277 = DIRECTION('', (1., -0., 0.));
#2278 = VECTOR('', #2277, 1.);
#2279 = CARTESIAN_POINT('', (70., -60., 26.));
#2280 = LINE('', #2279, #2278);
#2281 = DIRECTION('', (0., -0., -1.));
#2282 = VECTOR('', #2281, 1.);
#2283 = CARTESIAN_POINT('', (73., -60., 146.));
#2284 = LINE('', #2283, #2282);
#2285 = DIRECTION('', (0., 1., 0.));
#2286 = VECTOR('', #2285, 1.);
#2287 = CARTESIAN_POINT('', (70., -60., 26.));
#2288 = LINE('', #2287, #2286);
#2289 = DIRECTION('', (0., 1., 0.));
#2290 = VECTOR('', #2289, 1.);
#2291 = CARTESIAN_POINT('', (73., -60., 26.));
#2292 = LINE('', #2291, #2290);
#2293 = DIRECTION('', (0., -0., 1.));
#2294 = VECTOR('', #2293, 1.);
#2295 = CARTESIAN_POINT('', (-73., 60., 26.));
#2296 = LINE('', #2295, #2294);
#2297 = DIRECTION('', (1., -0., 0.));
#2298 = VECTOR('', #2297, 1.);
#2299 = CARTESIAN_POINT('', (-73., 60., 146.));
#2300 = LINE('', #2299, #2298);
#2301 = DIRECTION('', (0., -0., 1.));
#2302 = VECTOR('', #2301, 1.);
#2303 = CARTESIAN_POINT('', (-70., 60., 26.));
#2304 = LINE('', #2303, #2302);
#2305 = DIRECTION('', (1., -0., 0.));
#2306 = VECTOR('', #2305, 1.);
#2307 = CARTESIAN_POINT('', (-73., 60., 26.));
#2308 = LINE('', #2307, #2306);
#2309 = DIRECTION('', (0., -1., 0.));
#2310 = VECTOR('', #2309, 1.);
#2311 = CARTESIAN_POINT('', (-73., 60., 146.));
#2312 = LINE('', #2311, #2310);
#2313 = DIRECTION('', (1., -0., 0.));
#2314 = VECTOR('', #2313, 1.);
#2315 = CARTESIAN_POINT('', (-73., -60., 146.));
#2316 = LINE('', #2315, #2314);
#2317 = DIRECTION('', (0., -1., 0.));
#2318 = VECTOR('', #2317, 1.);
#2319 = CARTESIAN_POINT('', (-70., 60., 146.));
#2320 = LINE('', #2319, #2318);
#2321 = DIRECTION('', (0., -0., -1.));
#2322 = VECTOR('', #2321, 1.);
#2323 = CARTESIAN_POINT('', (-73., -60., 146.));
#2324 = LINE('', #2323, #2322);
#2325 = DIRECTION('', (1., -0., 0.));
#2326 = VECTOR('', #2325, 1.);
#2327 = CARTESIAN_POINT('', (-73., -60., 26.));
#2328 = LINE('', #2327, #2326);
#2329 = DIRECTION('', (0., -0., -1.));
#2330 = VECTOR('', #2329, 1.);
#2331 = CARTESIAN_POINT('', (-70., -60., 146.));
#2332 = LINE('', #2331, #2330);
#2333 = DIRECTION('', (0., 1., 0.));
#2334 = VECTOR('', #2333, 1.);
#2335 = CARTESIAN_POINT('', (-73., -60., 26.));
#2336 = LINE('', #2335, #2334);
#2337 = DIRECTION('', (0., 1., 0.));
#2338 = VECTOR('', #2337, 1.);
#2339 = CARTESIAN_POINT('', (-70., -60., 26.));
#2340 = LINE('', #2339, #2338);
#2341 = DIRECTION('', (-0., 1., 0.));
#2342 = DIRECTION('', (1., 0., 0.));
#2343 = CARTESIAN_POINT('', (67., -0., 86.));
#2344 = AXIS2_PLACEMENT_3D('', #2343, #2342, #2341);
#2345 = CIRCLE('', #2344, 58.);
#2346 = DIRECTION('', (0., 1., 0.));
#2347 = DIRECTION('', (-1., 0., -0.));
#2348 = CARTESIAN_POINT('', (67., 0., 86.));
#2349 = AXIS2_PLACEMENT_3D('', #2348, #2347, #2346);
#2350 = CIRCLE('', #2349, 58.);
#2351 = DIRECTION('', (-0., -0., -1.));
#2352 = DIRECTION('', (-1., 0., 0.));
#2353 = CARTESIAN_POINT('', (67., 0.00000001, 86.00000001));
#2354 = AXIS2_PLACEMENT_3D('', #2353, #2352, #2351);
#2355 = CIRCLE('', #2354, 58.00000001);
#2356 = DIRECTION('', (0., 0., 1.));
#2357 = DIRECTION('', (1., 0., -0.));
#2358 = CARTESIAN_POINT('', (67., 0., 86.));
#2359 = AXIS2_PLACEMENT_3D('', #2358, #2357, #2356);
#2360 = CIRCLE('', #2359, 58.);
#2361 = DIRECTION('', (-0., 1., 0.));
#2362 = DIRECTION('', (1., 0., 0.));
#2363 = CARTESIAN_POINT('', (73., -0., 86.));
#2364 = AXIS2_PLACEMENT_3D('', #2363, #2362, #2361);
#2365 = CIRCLE('', #2364, 58.);
#2366 = DIRECTION('', (-0., 1., -0.));
#2367 = DIRECTION('', (-1., -0., 0.));
#2368 = CARTESIAN_POINT('', (73., -0., 86.));
#2369 = AXIS2_PLACEMENT_3D('', #2368, #2367, #2366);
#2370 = CIRCLE('', #2369, 58.);
#2371 = DIRECTION('', (0., -0., -1.));
#2372 = DIRECTION('', (-1., -0., 0.));
#2373 = CARTESIAN_POINT('', (73., 0., 86.));
#2374 = AXIS2_PLACEMENT_3D('', #2373, #2372, #2371);
#2375 = CIRCLE('', #2374, 58.);
#2376 = DIRECTION('', (0., 0., 1.));
#2377 = DIRECTION('', (1., 0., -0.));
#2378 = CARTESIAN_POINT('', (73., -0., 86.));
#2379 = AXIS2_PLACEMENT_3D('', #2378, #2377, #2376);
#2380 = CIRCLE('', #2379, 58.);
#2381 = DIRECTION('', (1., -0., 0.));
#2382 = VECTOR('', #2381, 1.);
#2383 = CARTESIAN_POINT('', (67., -58., 86.));
#2384 = LINE('', #2383, #2382);
#2385 = DIRECTION('', (1., -0., 0.));
#2386 = VECTOR('', #2385, 1.);
#2387 = CARTESIAN_POINT('', (67., 58., 86.));
#2388 = LINE('', #2387, #2386);
#2389 = DIRECTION('', (-0., 1., 0.));
#2390 = DIRECTION('', (1., 0., 0.));
#2391 = CARTESIAN_POINT('', (-67., -0., 86.));
#2392 = AXIS2_PLACEMENT_3D('', #2391, #2390, #2389);
#2393 = CIRCLE('', #2392, 58.);
#2394 = DIRECTION('', (-0., 1., -0.));
#2395 = DIRECTION('', (-1., -0., 0.));
#2396 = CARTESIAN_POINT('', (-67., -0., 86.));
#2397 = AXIS2_PLACEMENT_3D('', #2396, #2395, #2394);
#2398 = CIRCLE('', #2397, 58.);
#2399 = DIRECTION('', (0., 0., -1.));
#2400 = DIRECTION('', (-1., -0., -0.));
#2401 = CARTESIAN_POINT('', (-67., 0., 86.));
#2402 = AXIS2_PLACEMENT_3D('', #2401, #2400, #2399);
#2403 = CIRCLE('', #2402, 58.);
#2404 = DIRECTION('', (-0., -0., 1.));
#2405 = DIRECTION('', (1., -0., 0.));
#2406 = CARTESIAN_POINT('', (-67., -0., 86.));
#2407 = AXIS2_PLACEMENT_3D('', #2406, #2405, #2404);
#2408 = CIRCLE('', #2407, 58.);
#2409 = DIRECTION('', (0., 1., 0.));
#2410 = DIRECTION('', (1., -0., -0.));
#2411 = CARTESIAN_POINT('', (-73., 0., 86.));
#2412 = AXIS2_PLACEMENT_3D('', #2411, #2410, #2409);
#2413 = CIRCLE('', #2412, 58.);
#2414 = DIRECTION('', (0., 1., -0.));
#2415 = DIRECTION('', (-1., 0., -0.));
#2416 = CARTESIAN_POINT('', (-73., -0., 86.));
#2417 = AXIS2_PLACEMENT_3D('', #2416, #2415, #2414);
#2418 = CIRCLE('', #2417, 58.);
#2419 = DIRECTION('', (0., -0., -1.));
#2420 = DIRECTION('', (-1., -0., -0.));
#2421 = CARTESIAN_POINT('', (-73., 0., 86.));
#2422 = AXIS2_PLACEMENT_3D('', #2421, #2420, #2419);
#2423 = CIRCLE('', #2422, 58.);
#2424 = DIRECTION('', (-0., 0., 1.));
#2425 = DIRECTION('', (1., -0., 0.));
#2426 = CARTESIAN_POINT('', (-73., -0., 86.));
#2427 = AXIS2_PLACEMENT_3D('', #2426, #2425, #2424);
#2428 = CIRCLE('', #2427, 58.);
#2429 = DIRECTION('', (1., -0., 0.));
#2430 = VECTOR('', #2429, 1.);
#2431 = CARTESIAN_POINT('', (-73., -58., 86.));
#2432 = LINE('', #2431, #2430);
#2433 = DIRECTION('', (1., -0., 0.));
#2434 = VECTOR('', #2433, 1.);
#2435 = CARTESIAN_POINT('', (-73., 58., 86.));
#2436 = LINE('', #2435, #2434);
#2437 = DIRECTION('', (-0., 1., 0.));
#2438 = DIRECTION('', (1., 0., 0.));
#2439 = CARTESIAN_POINT('', (67., 52.5, 33.5));
#2440 = AXIS2_PLACEMENT_3D('', #2439, #2438, #2437);
#2441 = CIRCLE('', #2440, 2.);
#2442 = DIRECTION('', (0., 1., -0.));
#2443 = DIRECTION('', (-1., 0., -0.));
#2444 = CARTESIAN_POINT('', (67., 52.5, 33.5));
#2445 = AXIS2_PLACEMENT_3D('', #2444, #2443, #2442);
#2446 = CIRCLE('', #2445, 2.);
#2447 = DIRECTION('', (-0., 0., -1.));
#2448 = DIRECTION('', (-1., 0., 0.));
#2449 = CARTESIAN_POINT('', (67., 52.5, 33.5));
#2450 = AXIS2_PLACEMENT_3D('', #2449, #2448, #2447);
#2451 = CIRCLE('', #2450, 2.);
#2452 = DIRECTION('', (0., -0., 1.));
#2453 = DIRECTION('', (1., 0., 0.));
#2454 = CARTESIAN_POINT('', (67., 52.5, 33.5));
#2455 = AXIS2_PLACEMENT_3D('', #2454, #2453, #2452);
#2456 = CIRCLE('', #2455, 2.);
#2457 = DIRECTION('', (0., 1., -0.));
#2458 = DIRECTION('', (1., -0., -0.));
#2459 = CARTESIAN_POINT('', (73., 52.5, 33.5));
#2460 = AXIS2_PLACEMENT_3D('', #2459, #2458, #2457);
#2461 = CIRCLE('', #2460, 2.);
#2462 = DIRECTION('', (-0., 1., -0.));
#2463 = DIRECTION('', (-1., -0., 0.));
#2464 = CARTESIAN_POINT('', (73., 52.5, 33.5));
#2465 = AXIS2_PLACEMENT_3D('', #2464, #2463, #2462);
#2466 = CIRCLE('', #2465, 2.);
#2467 = DIRECTION('', (-0., 0., -1.));
#2468 = DIRECTION('', (-1., 0., 0.));
#2469 = CARTESIAN_POINT('', (73., 52.5, 33.5));
#2470 = AXIS2_PLACEMENT_3D('', #2469, #2468, #2467);
#2471 = CIRCLE('', #2470, 2.);
#2472 = DIRECTION('', (0., 0., 1.));
#2473 = DIRECTION('', (1., 0., -0.));
#2474 = CARTESIAN_POINT('', (73., 52.5, 33.5));
#2475 = AXIS2_PLACEMENT_3D('', #2474, #2473, #2472);
#2476 = CIRCLE('', #2475, 2.);
#2477 = DIRECTION('', (1., -0., 0.));
#2478 = VECTOR('', #2477, 1.);
#2479 = CARTESIAN_POINT('', (67., 50.5, 33.5));
#2480 = LINE('', #2479, #2478);
#2481 = DIRECTION('', (1., -0., 0.));
#2482 = VECTOR('', #2481, 1.);
#2483 = CARTESIAN_POINT('', (67., 54.5, 33.5));
#2484 = LINE('', #2483, #2482);
#2485 = DIRECTION('', (0., 1., 0.));
#2486 = DIRECTION('', (1., -0., -0.));
#2487 = CARTESIAN_POINT('', (-67., 52.5, 33.5));
#2488 = AXIS2_PLACEMENT_3D('', #2487, #2486, #2485);
#2489 = CIRCLE('', #2488, 2.);
#2490 = DIRECTION('', (0., 1., 0.));
#2491 = DIRECTION('', (-1., 0., -0.));
#2492 = CARTESIAN_POINT('', (-67., 52.5, 33.5));
#2493 = AXIS2_PLACEMENT_3D('', #2492, #2491, #2490);
#2494 = CIRCLE('', #2493, 2.);
#2495 = DIRECTION('', (0., -0., -1.));
#2496 = DIRECTION('', (-1., -0., 0.));
#2497 = CARTESIAN_POINT('', (-67., 52.5, 33.5));
#2498 = AXIS2_PLACEMENT_3D('', #2497, #2496, #2495);
#2499 = CIRCLE('', #2498, 2.);
#2500 = DIRECTION('', (0., -0.00000001, 1.));
#2501 = DIRECTION('', (1., 0., -0.));
#2502 = CARTESIAN_POINT('', (-67., 52.5, 33.5));
#2503 = AXIS2_PLACEMENT_3D('', #2502, #2501, #2500);
#2504 = CIRCLE('', #2503, 2.);
#2505 = DIRECTION('', (0., 1., 0.));
#2506 = DIRECTION('', (1., -0., -0.));
#2507 = CARTESIAN_POINT('', (-73., 52.5, 33.5));
#2508 = AXIS2_PLACEMENT_3D('', #2507, #2506, #2505);
#2509 = CIRCLE('', #2508, 2.);
#2510 = DIRECTION('', (-0., 1., 0.));
#2511 = DIRECTION('', (-1., -0., 0.));
#2512 = CARTESIAN_POINT('', (-73., 52.5, 33.5));
#2513 = AXIS2_PLACEMENT_3D('', #2512, #2511, #2510);
#2514 = CIRCLE('', #2513, 2.);
#2515 = DIRECTION('', (0., 0., -1.));
#2516 = DIRECTION('', (-1., -0., -0.));
#2517 = CARTESIAN_POINT('', (-73., 52.5, 33.5));
#2518 = AXIS2_PLACEMENT_3D('', #2517, #2516, #2515);
#2519 = CIRCLE('', #2518, 2.);
#2520 = DIRECTION('', (0., 0., 1.));
#2521 = DIRECTION('', (1., 0., -0.));
#2522 = CARTESIAN_POINT('', (-73., 52.5, 33.5));
#2523 = AXIS2_PLACEMENT_3D('', #2522, #2521, #2520);
#2524 = CIRCLE('', #2523, 2.);
#2525 = DIRECTION('', (1., -0., 0.));
#2526 = VECTOR('', #2525, 1.);
#2527 = CARTESIAN_POINT('', (-73., 50.5, 33.5));
#2528 = LINE('', #2527, #2526);
#2529 = DIRECTION('', (1., -0., 0.));
#2530 = VECTOR('', #2529, 1.);
#2531 = CARTESIAN_POINT('', (-73., 54.5, 33.5));
#2532 = LINE('', #2531, #2530);
#2533 = DIRECTION('', (0., 1., 0.));
#2534 = VECTOR('', #2533, 1.);
#2535 = CARTESIAN_POINT('', (67., -67., 166.4));
#2536 = LINE('', #2535, #2534);
#2537 = DIRECTION('', (0., 1., 0.));
#2538 = VECTOR('', #2537, 1.);
#2539 = CARTESIAN_POINT('', (67., -67., 167.6));
#2540 = LINE('', #2539, #2538);
#2541 = DIRECTION('', (-1., -0., 0.));
#2542 = VECTOR('', #2541, 1.);
#2543 = CARTESIAN_POINT('', (67., 67., 166.4));
#2544 = LINE('', #2543, #2542);
#2545 = DIRECTION('', (-1., -0., 0.));
#2546 = VECTOR('', #2545, 1.);
#2547 = CARTESIAN_POINT('', (67., 67., 167.6));
#2548 = LINE('', #2547, #2546);
#2549 = DIRECTION('', (0., -1., 0.));
#2550 = VECTOR('', #2549, 1.);
#2551 = CARTESIAN_POINT('', (-67., 67., 166.4));
#2552 = LINE('', #2551, #2550);
#2553 = DIRECTION('', (0., -1., 0.));
#2554 = VECTOR('', #2553, 1.);
#2555 = CARTESIAN_POINT('', (-67., 67., 167.6));
#2556 = LINE('', #2555, #2554);
#2557 = DIRECTION('', (1., -0., 0.));
#2558 = VECTOR('', #2557, 1.);
#2559 = CARTESIAN_POINT('', (-67., -67., 166.4));
#2560 = LINE('', #2559, #2558);
#2561 = DIRECTION('', (1., -0., 0.));
#2562 = VECTOR('', #2561, 1.);
#2563 = CARTESIAN_POINT('', (-67., -67., 167.6));
#2564 = LINE('', #2563, #2562);
#2565 = DIRECTION('', (0., 1., 0.));
#2566 = VECTOR('', #2565, 1.);
#2567 = CARTESIAN_POINT('', (65.8, -65.8, 166.4));
#2568 = LINE('', #2567, #2566);
#2569 = DIRECTION('', (0., -0., 1.));
#2570 = VECTOR('', #2569, 1.);
#2571 = CARTESIAN_POINT('', (65.8, 65.8, 166.4));
#2572 = LINE('', #2571, #2570);
#2573 = DIRECTION('', (0., -0., 1.));
#2574 = VECTOR('', #2573, 1.);
#2575 = CARTESIAN_POINT('', (65.8, -65.8, 166.4));
#2576 = LINE('', #2575, #2574);
#2577 = DIRECTION('', (-1., -0., 0.));
#2578 = VECTOR('', #2577, 1.);
#2579 = CARTESIAN_POINT('', (65.8, 65.8, 166.4));
#2580 = LINE('', #2579, #2578);
#2581 = DIRECTION('', (0., -0., 1.));
#2582 = VECTOR('', #2581, 1.);
#2583 = CARTESIAN_POINT('', (-65.8, 65.8, 166.4));
#2584 = LINE('', #2583, #2582);
#2585 = DIRECTION('', (0., -1., 0.));
#2586 = VECTOR('', #2585, 1.);
#2587 = CARTESIAN_POINT('', (-65.8, 65.8, 166.4));
#2588 = LINE('', #2587, #2586);
#2589 = DIRECTION('', (0., -0., 1.));
#2590 = VECTOR('', #2589, 1.);
#2591 = CARTESIAN_POINT('', (-65.8, -65.8, 166.4));
#2592 = LINE('', #2591, #2590);
#2593 = DIRECTION('', (1., -0., 0.));
#2594 = VECTOR('', #2593, 1.);
#2595 = CARTESIAN_POINT('', (-65.8, -65.8, 166.4));
#2596 = LINE('', #2595, #2594);
#2597 = DIRECTION('', (0., 1., 0.));
#2598 = VECTOR('', #2597, 1.);
#2599 = CARTESIAN_POINT('', (65.8, -65.8, 167.6));
#2600 = LINE('', #2599, #2598);
#2601 = DIRECTION('', (-1., -0., 0.));
#2602 = VECTOR('', #2601, 1.);
#2603 = CARTESIAN_POINT('', (65.8, 65.8, 167.6));
#2604 = LINE('', #2603, #2602);
#2605 = DIRECTION('', (0., -1., 0.));
#2606 = VECTOR('', #2605, 1.);
#2607 = CARTESIAN_POINT('', (-65.8, 65.8, 167.6));
#2608 = LINE('', #2607, #2606);
#2609 = DIRECTION('', (1., -0., 0.));
#2610 = VECTOR('', #2609, 1.);
#2611 = CARTESIAN_POINT('', (-65.8, -65.8, 167.6));
#2612 = LINE('', #2611, #2610);
#2613 = DIRECTION('', (0., 0., 1.));
#2614 = VECTOR('', #2613, 1.);
#2615 = CARTESIAN_POINT('', (67., 67., 167.6));
#2616 = LINE('', #2615, #2614);
#2617 = DIRECTION('', (-0., 0., 1.));
#2618 = VECTOR('', #2617, 1.);
#2619 = CARTESIAN_POINT('', (-67., 67., 167.6));
#2620 = LINE('', #2619, #2618);
#2621 = DIRECTION('', (-0., -0., 1.));
#2622 = VECTOR('', #2621, 1.);
#2623 = CARTESIAN_POINT('', (-67., -67., 167.6));
#2624 = LINE('', #2623, #2622);
#2625 = DIRECTION('', (0., -0., 1.));
#2626 = VECTOR('', #2625, 1.);
#2627 = CARTESIAN_POINT('', (67., -67., 167.6));
#2628 = LINE('', #2627, #2626);
#2629 = DIRECTION('', (0., 1., 0.));
#2630 = VECTOR('', #2629, 1.);
#2631 = CARTESIAN_POINT('', (70., -70., 172.));
#2632 = LINE('', #2631, #2630);
#2633 = DIRECTION('', (0., -0., 1.));
#2634 = VECTOR('', #2633, 1.);
#2635 = CARTESIAN_POINT('', (70., 70., 172.));
#2636 = LINE('', #2635, #2634);
#2637 = DIRECTION('', (0., 1., 0.));
#2638 = VECTOR('', #2637, 1.);
#2639 = CARTESIAN_POINT('', (70., -70., 175.));
#2640 = LINE('', #2639, #2638);
#2641 = DIRECTION('', (0., -0., 1.));
#2642 = VECTOR('', #2641, 1.);
#2643 = CARTESIAN_POINT('', (70., -70., 172.));
#2644 = LINE('', #2643, #2642);
#2645 = DIRECTION('', (-1., -0., 0.));
#2646 = VECTOR('', #2645, 1.);
#2647 = CARTESIAN_POINT('', (70., 70., 172.));
#2648 = LINE('', #2647, #2646);
#2649 = DIRECTION('', (0., -0., 1.));
#2650 = VECTOR('', #2649, 1.);
#2651 = CARTESIAN_POINT('', (-70., 70., 172.));
#2652 = LINE('', #2651, #2650);
#2653 = DIRECTION('', (-1., -0., 0.));
#2654 = VECTOR('', #2653, 1.);
#2655 = CARTESIAN_POINT('', (70., 70., 175.));
#2656 = LINE('', #2655, #2654);
#2657 = DIRECTION('', (0., -1., 0.));
#2658 = VECTOR('', #2657, 1.);
#2659 = CARTESIAN_POINT('', (-70., 70., 172.));
#2660 = LINE('', #2659, #2658);
#2661 = DIRECTION('', (0., -0., 1.));
#2662 = VECTOR('', #2661, 1.);
#2663 = CARTESIAN_POINT('', (-70., -70., 172.));
#2664 = LINE('', #2663, #2662);
#2665 = DIRECTION('', (0., -1., 0.));
#2666 = VECTOR('', #2665, 1.);
#2667 = CARTESIAN_POINT('', (-70., 70., 175.));
#2668 = LINE('', #2667, #2666);
#2669 = DIRECTION('', (1., -0., 0.));
#2670 = VECTOR('', #2669, 1.);
#2671 = CARTESIAN_POINT('', (-70., -70., 172.));
#2672 = LINE('', #2671, #2670);
#2673 = DIRECTION('', (1., -0., 0.));
#2674 = VECTOR('', #2673, 1.);
#2675 = CARTESIAN_POINT('', (-70., -70., 175.));
#2676 = LINE('', #2675, #2674);
#2677 = DIRECTION('', (0., 1., 0.));
#2678 = VECTOR('', #2677, 1.);
#2679 = CARTESIAN_POINT('', (66.65, -66.65, 170.));
#2680 = LINE('', #2679, #2678);
#2681 = DIRECTION('', (0., -0., 1.));
#2682 = VECTOR('', #2681, 1.);
#2683 = CARTESIAN_POINT('', (66.65, 66.65, 170.));
#2684 = LINE('', #2683, #2682);
#2685 = DIRECTION('', (0., 1., 0.));
#2686 = VECTOR('', #2685, 1.);
#2687 = CARTESIAN_POINT('', (66.65, -66.65, 172.));
#2688 = LINE('', #2687, #2686);
#2689 = DIRECTION('', (0., -0., 1.));
#2690 = VECTOR('', #2689, 1.);
#2691 = CARTESIAN_POINT('', (66.65, -66.65, 170.));
#2692 = LINE('', #2691, #2690);
#2693 = DIRECTION('', (-1., -0., 0.));
#2694 = VECTOR('', #2693, 1.);
#2695 = CARTESIAN_POINT('', (66.65, 66.65, 170.));
#2696 = LINE('', #2695, #2694);
#2697 = DIRECTION('', (0., -0., 1.));
#2698 = VECTOR('', #2697, 1.);
#2699 = CARTESIAN_POINT('', (-66.65, 66.65, 170.));
#2700 = LINE('', #2699, #2698);
#2701 = DIRECTION('', (-1., -0., 0.));
#2702 = VECTOR('', #2701, 1.);
#2703 = CARTESIAN_POINT('', (66.65, 66.65, 172.));
#2704 = LINE('', #2703, #2702);
#2705 = DIRECTION('', (0., -1., 0.));
#2706 = VECTOR('', #2705, 1.);
#2707 = CARTESIAN_POINT('', (-66.65, 66.65, 170.));
#2708 = LINE('', #2707, #2706);
#2709 = DIRECTION('', (0., -0., 1.));
#2710 = VECTOR('', #2709, 1.);
#2711 = CARTESIAN_POINT('', (-66.65, -66.65, 170.));
#2712 = LINE('', #2711, #2710);
#2713 = DIRECTION('', (0., -1., 0.));
#2714 = VECTOR('', #2713, 1.);
#2715 = CARTESIAN_POINT('', (-66.65, 66.65, 172.));
#2716 = LINE('', #2715, #2714);
#2717 = DIRECTION('', (1., -0., 0.));
#2718 = VECTOR('', #2717, 1.);
#2719 = CARTESIAN_POINT('', (-66.65, -66.65, 170.));
#2720 = LINE('', #2719, #2718);
#2721 = DIRECTION('', (1., -0., 0.));
#2722 = VECTOR('', #2721, 1.);
#2723 = CARTESIAN_POINT('', (-66.65, -66.65, 172.));
#2724 = LINE('', #2723, #2722);
#2725 = DIRECTION('', (0., 1., 0.));
#2726 = VECTOR('', #2725, 1.);
#2727 = CARTESIAN_POINT('', (64.65, -64.65, 172.));
#2728 = LINE('', #2727, #2726);
#2729 = DIRECTION('', (-1., -0., 0.));
#2730 = VECTOR('', #2729, 1.);
#2731 = CARTESIAN_POINT('', (64.65, 64.65, 172.));
#2732 = LINE('', #2731, #2730);
#2733 = DIRECTION('', (0., -1., 0.));
#2734 = VECTOR('', #2733, 1.);
#2735 = CARTESIAN_POINT('', (-64.65, 64.65, 172.));
#2736 = LINE('', #2735, #2734);
#2737 = DIRECTION('', (1., -0., 0.));
#2738 = VECTOR('', #2737, 1.);
#2739 = CARTESIAN_POINT('', (-64.65, -64.65, 172.));
#2740 = LINE('', #2739, #2738);
#2741 = DIRECTION('', (0., 1., 0.));
#2742 = VECTOR('', #2741, 1.);
#2743 = CARTESIAN_POINT('', (64.65, -64.65, 170.));
#2744 = LINE('', #2743, #2742);
#2745 = DIRECTION('', (-1., -0., 0.));
#2746 = VECTOR('', #2745, 1.);
#2747 = CARTESIAN_POINT('', (64.65, 64.65, 170.));
#2748 = LINE('', #2747, #2746);
#2749 = DIRECTION('', (0., -1., 0.));
#2750 = VECTOR('', #2749, 1.);
#2751 = CARTESIAN_POINT('', (-64.65, 64.65, 170.));
#2752 = LINE('', #2751, #2750);
#2753 = DIRECTION('', (1., -0., 0.));
#2754 = VECTOR('', #2753, 1.);
#2755 = CARTESIAN_POINT('', (-64.65, -64.65, 170.));
#2756 = LINE('', #2755, #2754);
#2757 = DIRECTION('', (0., -0., 1.));
#2758 = VECTOR('', #2757, 1.);
#2759 = CARTESIAN_POINT('', (-64.65, -64.65, 170.));
#2760 = LINE('', #2759, #2758);
#2761 = DIRECTION('', (0., -0., 1.));
#2762 = VECTOR('', #2761, 1.);
#2763 = CARTESIAN_POINT('', (-64.65, 64.65, 170.));
#2764 = LINE('', #2763, #2762);
#2765 = DIRECTION('', (0., -0., 1.));
#2766 = VECTOR('', #2765, 1.);
#2767 = CARTESIAN_POINT('', (64.65, 64.65, 170.));
#2768 = LINE('', #2767, #2766);
#2769 = DIRECTION('', (0., -0., 1.));
#2770 = VECTOR('', #2769, 1.);
#2771 = CARTESIAN_POINT('', (64.65, -64.65, 170.));
#2772 = LINE('', #2771, #2770);
#2773 = DIRECTION('', (0., -0., 1.));
#2774 = VECTOR('', #2773, 1.);
#2775 = CARTESIAN_POINT('', (66.65, 4., 166.6));
#2776 = LINE('', #2775, #2774);
#2777 = DIRECTION('', (1., -0., 0.));
#2778 = VECTOR('', #2777, 1.);
#2779 = CARTESIAN_POINT('', (66.65, 4., 169.6));
#2780 = LINE('', #2779, #2778);
#2781 = DIRECTION('', (0., -0., 1.));
#2782 = VECTOR('', #2781, 1.);
#2783 = CARTESIAN_POINT('', (67.45, 4., 166.6));
#2784 = LINE('', #2783, #2782);
#2785 = DIRECTION('', (1., -0., 0.));
#2786 = VECTOR('', #2785, 1.);
#2787 = CARTESIAN_POINT('', (66.65, 4., 166.6));
#2788 = LINE('', #2787, #2786);
#2789 = DIRECTION('', (0., -1., 0.));
#2790 = VECTOR('', #2789, 1.);
#2791 = CARTESIAN_POINT('', (66.65, 4., 169.6));
#2792 = LINE('', #2791, #2790);
#2793 = DIRECTION('', (1., -0., 0.));
#2794 = VECTOR('', #2793, 1.);
#2795 = CARTESIAN_POINT('', (66.65, -4., 169.6));
#2796 = LINE('', #2795, #2794);
#2797 = DIRECTION('', (0., -1., 0.));
#2798 = VECTOR('', #2797, 1.);
#2799 = CARTESIAN_POINT('', (67.45, 4., 169.6));
#2800 = LINE('', #2799, #2798);
#2801 = DIRECTION('', (0., -0., -1.));
#2802 = VECTOR('', #2801, 1.);
#2803 = CARTESIAN_POINT('', (66.65, -4., 169.6));
#2804 = LINE('', #2803, #2802);
#2805 = DIRECTION('', (1., -0., 0.));
#2806 = VECTOR('', #2805, 1.);
#2807 = CARTESIAN_POINT('', (66.65, -4., 166.6));
#2808 = LINE('', #2807, #2806);
#2809 = DIRECTION('', (0., -0., -1.));
#2810 = VECTOR('', #2809, 1.);
#2811 = CARTESIAN_POINT('', (67.45, -4., 169.6));
#2812 = LINE('', #2811, #2810);
#2813 = DIRECTION('', (0., 1., 0.));
#2814 = VECTOR('', #2813, 1.);
#2815 = CARTESIAN_POINT('', (66.65, -4., 166.6));
#2816 = LINE('', #2815, #2814);
#2817 = DIRECTION('', (0., 1., 0.));
#2818 = VECTOR('', #2817, 1.);
#2819 = CARTESIAN_POINT('', (67.45, -4., 166.6));
#2820 = LINE('', #2819, #2818);
#2821 = DIRECTION('', (0., -0., 1.));
#2822 = VECTOR('', #2821, 1.);
#2823 = CARTESIAN_POINT('', (-67.45, 4., 166.6));
#2824 = LINE('', #2823, #2822);
#2825 = DIRECTION('', (1., -0., 0.));
#2826 = VECTOR('', #2825, 1.);
#2827 = CARTESIAN_POINT('', (-67.45, 4., 169.6));
#2828 = LINE('', #2827, #2826);
#2829 = DIRECTION('', (0., -0., 1.));
#2830 = VECTOR('', #2829, 1.);
#2831 = CARTESIAN_POINT('', (-66.65, 4., 166.6));
#2832 = LINE('', #2831, #2830);
#2833 = DIRECTION('', (1., -0., 0.));
#2834 = VECTOR('', #2833, 1.);
#2835 = CARTESIAN_POINT('', (-67.45, 4., 166.6));
#2836 = LINE('', #2835, #2834);
#2837 = DIRECTION('', (0., -1., 0.));
#2838 = VECTOR('', #2837, 1.);
#2839 = CARTESIAN_POINT('', (-67.45, 4., 169.6));
#2840 = LINE('', #2839, #2838);
#2841 = DIRECTION('', (1., -0., 0.));
#2842 = VECTOR('', #2841, 1.);
#2843 = CARTESIAN_POINT('', (-67.45, -4., 169.6));
#2844 = LINE('', #2843, #2842);
#2845 = DIRECTION('', (0., -1., 0.));
#2846 = VECTOR('', #2845, 1.);
#2847 = CARTESIAN_POINT('', (-66.65, 4., 169.6));
#2848 = LINE('', #2847, #2846);
#2849 = DIRECTION('', (0., -0., -1.));
#2850 = VECTOR('', #2849, 1.);
#2851 = CARTESIAN_POINT('', (-67.45, -4., 169.6));
#2852 = LINE('', #2851, #2850);
#2853 = DIRECTION('', (1., -0., 0.));
#2854 = VECTOR('', #2853, 1.);
#2855 = CARTESIAN_POINT('', (-67.45, -4., 166.6));
#2856 = LINE('', #2855, #2854);
#2857 = DIRECTION('', (0., -0., -1.));
#2858 = VECTOR('', #2857, 1.);
#2859 = CARTESIAN_POINT('', (-66.65, -4., 169.6));
#2860 = LINE('', #2859, #2858);
#2861 = DIRECTION('', (0., 1., 0.));
#2862 = VECTOR('', #2861, 1.);
#2863 = CARTESIAN_POINT('', (-67.45, -4., 166.6));
#2864 = LINE('', #2863, #2862);
#2865 = DIRECTION('', (0., 1., 0.));
#2866 = VECTOR('', #2865, 1.);
#2867 = CARTESIAN_POINT('', (-66.65, -4., 166.6));
#2868 = LINE('', #2867, #2866);
#2869 = DIRECTION('', (0., -0., 1.));
#2870 = VECTOR('', #2869, 1.);
#2871 = CARTESIAN_POINT('', (4., 66.65, 166.6));
#2872 = LINE('', #2871, #2870);
#2873 = DIRECTION('', (0., -1., 0.));
#2874 = VECTOR('', #2873, 1.);
#2875 = CARTESIAN_POINT('', (4., 66.65, 169.6));
#2876 = LINE('', #2875, #2874);
#2877 = DIRECTION('', (0., -0., 1.));
#2878 = VECTOR('', #2877, 1.);
#2879 = CARTESIAN_POINT('', (4., 65.85, 166.6));
#2880 = LINE('', #2879, #2878);
#2881 = DIRECTION('', (0., -1., 0.));
#2882 = VECTOR('', #2881, 1.);
#2883 = CARTESIAN_POINT('', (4., 66.65, 166.6));
#2884 = LINE('', #2883, #2882);
#2885 = DIRECTION('', (-1., -0., 0.));
#2886 = VECTOR('', #2885, 1.);
#2887 = CARTESIAN_POINT('', (4., 66.65, 169.6));
#2888 = LINE('', #2887, #2886);
#2889 = DIRECTION('', (0., -1., 0.));
#2890 = VECTOR('', #2889, 1.);
#2891 = CARTESIAN_POINT('', (-4., 66.65, 169.6));
#2892 = LINE('', #2891, #2890);
#2893 = DIRECTION('', (-1., -0., 0.));
#2894 = VECTOR('', #2893, 1.);
#2895 = CARTESIAN_POINT('', (4., 65.85, 169.6));
#2896 = LINE('', #2895, #2894);
#2897 = DIRECTION('', (0., -0., -1.));
#2898 = VECTOR('', #2897, 1.);
#2899 = CARTESIAN_POINT('', (-4., 66.65, 169.6));
#2900 = LINE('', #2899, #2898);
#2901 = DIRECTION('', (0., -1., 0.));
#2902 = VECTOR('', #2901, 1.);
#2903 = CARTESIAN_POINT('', (-4., 66.65, 166.6));
#2904 = LINE('', #2903, #2902);
#2905 = DIRECTION('', (0., -0., -1.));
#2906 = VECTOR('', #2905, 1.);
#2907 = CARTESIAN_POINT('', (-4., 65.85, 169.6));
#2908 = LINE('', #2907, #2906);
#2909 = DIRECTION('', (1., -0., 0.));
#2910 = VECTOR('', #2909, 1.);
#2911 = CARTESIAN_POINT('', (-4., 66.65, 166.6));
#2912 = LINE('', #2911, #2910);
#2913 = DIRECTION('', (1., -0., 0.));
#2914 = VECTOR('', #2913, 1.);
#2915 = CARTESIAN_POINT('', (-4., 65.85, 166.6));
#2916 = LINE('', #2915, #2914);
#2917 = DIRECTION('', (0., -0., 1.));
#2918 = VECTOR('', #2917, 1.);
#2919 = CARTESIAN_POINT('', (4., -65.85, 166.6));
#2920 = LINE('', #2919, #2918);
#2921 = DIRECTION('', (0., -1., 0.));
#2922 = VECTOR('', #2921, 1.);
#2923 = CARTESIAN_POINT('', (4., -65.85, 169.6));
#2924 = LINE('', #2923, #2922);
#2925 = DIRECTION('', (0., -0., 1.));
#2926 = VECTOR('', #2925, 1.);
#2927 = CARTESIAN_POINT('', (4., -66.65, 166.6));
#2928 = LINE('', #2927, #2926);
#2929 = DIRECTION('', (0., -1., 0.));
#2930 = VECTOR('', #2929, 1.);
#2931 = CARTESIAN_POINT('', (4., -65.85, 166.6));
#2932 = LINE('', #2931, #2930);
#2933 = DIRECTION('', (-1., -0., 0.));
#2934 = VECTOR('', #2933, 1.);
#2935 = CARTESIAN_POINT('', (4., -65.85, 169.6));
#2936 = LINE('', #2935, #2934);
#2937 = DIRECTION('', (0., -1., 0.));
#2938 = VECTOR('', #2937, 1.);
#2939 = CARTESIAN_POINT('', (-4., -65.85, 169.6));
#2940 = LINE('', #2939, #2938);
#2941 = DIRECTION('', (-1., -0., 0.));
#2942 = VECTOR('', #2941, 1.);
#2943 = CARTESIAN_POINT('', (4., -66.65, 169.6));
#2944 = LINE('', #2943, #2942);
#2945 = DIRECTION('', (0., -0., -1.));
#2946 = VECTOR('', #2945, 1.);
#2947 = CARTESIAN_POINT('', (-4., -65.85, 169.6));
#2948 = LINE('', #2947, #2946);
#2949 = DIRECTION('', (0., -1., 0.));
#2950 = VECTOR('', #2949, 1.);
#2951 = CARTESIAN_POINT('', (-4., -65.85, 166.6));
#2952 = LINE('', #2951, #2950);
#2953 = DIRECTION('', (0., -0., -1.));
#2954 = VECTOR('', #2953, 1.);
#2955 = CARTESIAN_POINT('', (-4., -66.65, 169.6));
#2956 = LINE('', #2955, #2954);
#2957 = DIRECTION('', (1., -0., 0.));
#2958 = VECTOR('', #2957, 1.);
#2959 = CARTESIAN_POINT('', (-4., -65.85, 166.6));
#2960 = LINE('', #2959, #2958);
#2961 = DIRECTION('', (1., -0., 0.));
#2962 = VECTOR('', #2961, 1.);
#2963 = CARTESIAN_POINT('', (-4., -66.65, 166.6));
#2964 = LINE('', #2963, #2962);
#2965 = EDGE_CURVE('', #6, #8, #424, .T.);
#2966 = EDGE_CURVE('', #10, #18, #428, .T.);
#2967 = EDGE_CURVE('', #12, #14, #487, .T.);
#2968 = EDGE_CURVE('', #16, #12, #491, .T.);
#2969 = EDGE_CURVE('', #10, #14, #548, .T.);
#2970 = EDGE_CURVE('', #14, #6, #605, .T.);
#2971 = EDGE_CURVE('', #18, #36, #609, .T.);
#2972 = EDGE_CURVE('', #20, #22, #668, .T.);
#2973 = EDGE_CURVE('', #24, #20, #672, .T.);
#2974 = EDGE_CURVE('', #24, #30, #729, .T.);
#2975 = EDGE_CURVE('', #18, #22, #786, .T.);
#2976 = EDGE_CURVE('', #22, #16, #843, .T.);
#2977 = EDGE_CURVE('', #20, #52, #847, .T.);
#2978 = EDGE_CURVE('', #26, #28, #904, .T.);
#2979 = EDGE_CURVE('', #30, #32, #963, .T.);
#2980 = EDGE_CURVE('', #26, #32, #967, .T.);
#2981 = EDGE_CURVE('', #34, #28, #1026, .T.);
#2982 = EDGE_CURVE('', #30, #36, #1083, .T.);
#2983 = EDGE_CURVE('', #36, #34, #1087, .T.);
#2984 = EDGE_CURVE('', #34, #10, #1091, .T.);
#2985 = EDGE_CURVE('', #28, #8, #1150, .T.);
#2986 = EDGE_CURVE('', #38, #40, #1154, .T.);
#2987 = EDGE_CURVE('', #40, #6, #1158, .T.);
#2988 = EDGE_CURVE('', #38, #8, #1162, .T.);
#2989 = EDGE_CURVE('', #42, #50, #1166, .T.);
#2990 = EDGE_CURVE('', #44, #46, #1223, .T.);
#2991 = EDGE_CURVE('', #44, #48, #1227, .T.);
#2992 = EDGE_CURVE('', #42, #46, #1286, .T.);
#2993 = EDGE_CURVE('', #48, #16, #1290, .T.);
#2994 = EDGE_CURVE('', #46, #40, #1349, .T.);
#2995 = EDGE_CURVE('', #44, #12, #1353, .T.);
#2996 = EDGE_CURVE('', #50, #68, #1357, .T.);
#2997 = EDGE_CURVE('', #52, #54, #1414, .T.);
#2998 = EDGE_CURVE('', #52, #56, #1418, .T.);
#2999 = EDGE_CURVE('', #56, #64, #1477, .T.);
#3000 = EDGE_CURVE('', #50, #54, #1536, .T.);
#3001 = EDGE_CURVE('', #56, #24, #1540, .T.);
#3002 = EDGE_CURVE('', #54, #48, #1599, .T.);
#3003 = EDGE_CURVE('', #58, #60, #1658, .T.);
#3004 = EDGE_CURVE('', #64, #62, #1715, .T.);
#3005 = EDGE_CURVE('', #62, #58, #1719, .T.);
#3006 = EDGE_CURVE('', #66, #60, #1776, .T.);
#3007 = EDGE_CURVE('', #64, #68, #1835, .T.);
#3008 = EDGE_CURVE('', #68, #66, #1839, .T.);
#3009 = EDGE_CURVE('', #66, #42, #1843, .T.);
#3010 = EDGE_CURVE('', #62, #32, #1847, .T.);
#3011 = EDGE_CURVE('', #60, #38, #1904, .T.);
#3012 = EDGE_CURVE('', #58, #26, #1908, .T.);
#3013 = EDGE_CURVE('', #70, #72, #1912, .T.);
#3014 = EDGE_CURVE('', #72, #88, #1916, .T.);
#3015 = EDGE_CURVE('', #76, #74, #1920, .T.);
#3016 = EDGE_CURVE('', #70, #86, #1924, .T.);
#3017 = EDGE_CURVE('', #72, #78, #1928, .T.);
#3018 = EDGE_CURVE('', #78, #94, #1932, .T.);
#3019 = EDGE_CURVE('', #74, #80, #1936, .T.);
#3020 = EDGE_CURVE('', #78, #82, #1940, .T.);
#3021 = EDGE_CURVE('', #82, #98, #1944, .T.);
#3022 = EDGE_CURVE('', #80, #84, #1948, .T.);
#3023 = EDGE_CURVE('', #82, #70, #1952, .T.);
#3024 = EDGE_CURVE('', #84, #76, #1956, .T.);
#3025 = EDGE_CURVE('', #86, #88, #1960, .T.);
#3026 = EDGE_CURVE('', #92, #90, #1964, .T.);
#3027 = EDGE_CURVE('', #88, #94, #1968, .T.);
#3028 = EDGE_CURVE('', #90, #96, #1972, .T.);
#3029 = EDGE_CURVE('', #94, #98, #1976, .T.);
#3030 = EDGE_CURVE('', #96, #100, #1980, .T.);
#3031 = EDGE_CURVE('', #98, #86, #1984, .T.);
#3032 = EDGE_CURVE('', #100, #92, #1988, .T.);
#3033 = EDGE_CURVE('', #100, #290, #1992, .T.);
#3034 = EDGE_CURVE('', #96, #286, #1996, .T.);
#3035 = EDGE_CURVE('', #90, #280, #2000, .T.);
#3036 = EDGE_CURVE('', #92, #278, #2004, .T.);
#3037 = EDGE_CURVE('', #102, #104, #2008, .T.);
#3038 = EDGE_CURVE('', #104, #106, #2012, .T.);
#3039 = EDGE_CURVE('', #108, #106, #2016, .T.);
#3040 = EDGE_CURVE('', #102, #108, #2020, .T.);
#3041 = EDGE_CURVE('', #104, #110, #2024, .T.);
#3042 = EDGE_CURVE('', #110, #112, #2028, .T.);
#3043 = EDGE_CURVE('', #106, #112, #2032, .T.);
#3044 = EDGE_CURVE('', #110, #114, #2036, .T.);
#3045 = EDGE_CURVE('', #114, #116, #2040, .T.);
#3046 = EDGE_CURVE('', #112, #116, #2044, .T.);
#3047 = EDGE_CURVE('', #114, #102, #2048, .T.);
#3048 = EDGE_CURVE('', #116, #108, #2052, .T.);
#3049 = EDGE_CURVE('', #118, #120, #2056, .T.);
#3050 = EDGE_CURVE('', #120, #122, #2060, .T.);
#3051 = EDGE_CURVE('', #124, #122, #2064, .T.);
#3052 = EDGE_CURVE('', #118, #124, #2068, .T.);
#3053 = EDGE_CURVE('', #120, #126, #2072, .T.);
#3054 = EDGE_CURVE('', #126, #128, #2076, .T.);
#3055 = EDGE_CURVE('', #122, #128, #2080, .T.);
#3056 = EDGE_CURVE('', #126, #130, #2084, .T.);
#3057 = EDGE_CURVE('', #130, #132, #2088, .T.);
#3058 = EDGE_CURVE('', #128, #132, #2092, .T.);
#3059 = EDGE_CURVE('', #130, #118, #2096, .T.);
#3060 = EDGE_CURVE('', #132, #124, #2100, .T.);
#3061 = EDGE_CURVE('', #134, #136, #2104, .T.);
#3062 = EDGE_CURVE('', #136, #138, #2108, .T.);
#3063 = EDGE_CURVE('', #140, #138, #2112, .T.);
#3064 = EDGE_CURVE('', #134, #140, #2116, .T.);
#3065 = EDGE_CURVE('', #136, #142, #2120, .T.);
#3066 = EDGE_CURVE('', #142, #144, #2124, .T.);
#3067 = EDGE_CURVE('', #138, #144, #2128, .T.);
#3068 = EDGE_CURVE('', #142, #146, #2132, .T.);
#3069 = EDGE_CURVE('', #146, #148, #2136, .T.);
#3070 = EDGE_CURVE('', #144, #148, #2140, .T.);
#3071 = EDGE_CURVE('', #146, #134, #2144, .T.);
#3072 = EDGE_CURVE('', #148, #140, #2148, .T.);
#3073 = EDGE_CURVE('', #150, #152, #2152, .T.);
#3074 = EDGE_CURVE('', #152, #154, #2156, .T.);
#3075 = EDGE_CURVE('', #156, #154, #2160, .T.);
#3076 = EDGE_CURVE('', #150, #156, #2164, .T.);
#3077 = EDGE_CURVE('', #152, #158, #2168, .T.);
#3078 = EDGE_CURVE('', #158, #160, #2172, .T.);
#3079 = EDGE_CURVE('', #154, #160, #2176, .T.);
#3080 = EDGE_CURVE('', #158, #162, #2180, .T.);
#3081 = EDGE_CURVE('', #162, #164, #2184, .T.);
#3082 = EDGE_CURVE('', #160, #164, #2188, .T.);
#3083 = EDGE_CURVE('', #162, #150, #2192, .T.);
#3084 = EDGE_CURVE('', #164, #156, #2196, .T.);
#3085 = EDGE_CURVE('', #166, #168, #2200, .T.);
#3086 = EDGE_CURVE('', #168, #176, #2204, .T.);
#3087 = EDGE_CURVE('', #166, #174, #2208, .T.);
#3088 = EDGE_CURVE('', #168, #170, #2212, .T.);
#3089 = EDGE_CURVE('', #170, #178, #2216, .T.);
#3090 = EDGE_CURVE('', #170, #172, #2220, .T.);
#3091 = EDGE_CURVE('', #172, #180, #2224, .T.);
#3092 = EDGE_CURVE('', #172, #166, #2228, .T.);
#3093 = EDGE_CURVE('', #174, #176, #2232, .T.);
#3094 = EDGE_CURVE('', #176, #178, #2236, .T.);
#3095 = EDGE_CURVE('', #178, #180, #2240, .T.);
#3096 = EDGE_CURVE('', #180, #174, #2244, .T.);
#3097 = EDGE_CURVE('', #182, #184, #2248, .T.);
#3098 = EDGE_CURVE('', #184, #186, #2252, .T.);
#3099 = EDGE_CURVE('', #188, #186, #2256, .T.);
#3100 = EDGE_CURVE('', #182, #188, #2260, .T.);
#3101 = EDGE_CURVE('', #184, #190, #2264, .T.);
#3102 = EDGE_CURVE('', #190, #192, #2268, .T.);
#3103 = EDGE_CURVE('', #186, #192, #2272, .T.);
#3104 = EDGE_CURVE('', #190, #194, #2276, .T.);
#3105 = EDGE_CURVE('', #194, #196, #2280, .T.);
#3106 = EDGE_CURVE('', #192, #196, #2284, .T.);
#3107 = EDGE_CURVE('', #194, #182, #2288, .T.);
#3108 = EDGE_CURVE('', #196, #188, #2292, .T.);
#3109 = EDGE_CURVE('', #198, #200, #2296, .T.);
#3110 = EDGE_CURVE('', #200, #202, #2300, .T.);
#3111 = EDGE_CURVE('', #204, #202, #2304, .T.);
#3112 = EDGE_CURVE('', #198, #204, #2308, .T.);
#3113 = EDGE_CURVE('', #200, #206, #2312, .T.);
#3114 = EDGE_CURVE('', #206, #208, #2316, .T.);
#3115 = EDGE_CURVE('', #202, #208, #2320, .T.);
#3116 = EDGE_CURVE('', #206, #210, #2324, .T.);
#3117 = EDGE_CURVE('', #210, #212, #2328, .T.);
#3118 = EDGE_CURVE('', #208, #212, #2332, .T.);
#3119 = EDGE_CURVE('', #210, #198, #2336, .T.);
#3120 = EDGE_CURVE('', #212, #204, #2340, .T.);
#3121 = EDGE_CURVE('', #214, #220, #2345, .T.);
#3122 = EDGE_CURVE('', #214, #218, #2350, .T.);
#3123 = EDGE_CURVE('', #218, #216, #2355, .T.);
#3124 = EDGE_CURVE('', #220, #216, #2360, .T.);
#3125 = EDGE_CURVE('', #222, #228, #2365, .T.);
#3126 = EDGE_CURVE('', #222, #226, #2370, .T.);
#3127 = EDGE_CURVE('', #226, #224, #2375, .T.);
#3128 = EDGE_CURVE('', #228, #224, #2380, .T.);
#3129 = EDGE_CURVE('', #216, #224, #2384, .T.);
#3130 = EDGE_CURVE('', #214, #222, #2388, .T.);
#3131 = EDGE_CURVE('', #230, #236, #2393, .T.);
#3132 = EDGE_CURVE('', #230, #234, #2398, .T.);
#3133 = EDGE_CURVE('', #234, #232, #2403, .T.);
#3134 = EDGE_CURVE('', #236, #232, #2408, .T.);
#3135 = EDGE_CURVE('', #238, #244, #2413, .T.);
#3136 = EDGE_CURVE('', #238, #242, #2418, .T.);
#3137 = EDGE_CURVE('', #242, #240, #2423, .T.);
#3138 = EDGE_CURVE('', #244, #240, #2428, .T.);
#3139 = EDGE_CURVE('', #240, #232, #2432, .T.);
#3140 = EDGE_CURVE('', #238, #230, #2436, .T.);
#3141 = EDGE_CURVE('', #246, #252, #2441, .T.);
#3142 = EDGE_CURVE('', #246, #250, #2446, .T.);
#3143 = EDGE_CURVE('', #250, #248, #2451, .T.);
#3144 = EDGE_CURVE('', #252, #248, #2456, .T.);
#3145 = EDGE_CURVE('', #254, #260, #2461, .T.);
#3146 = EDGE_CURVE('', #254, #258, #2466, .T.);
#3147 = EDGE_CURVE('', #258, #256, #2471, .T.);
#3148 = EDGE_CURVE('', #260, #256, #2476, .T.);
#3149 = EDGE_CURVE('', #248, #256, #2480, .T.);
#3150 = EDGE_CURVE('', #246, #254, #2484, .T.);
#3151 = EDGE_CURVE('', #262, #268, #2489, .T.);
#3152 = EDGE_CURVE('', #262, #266, #2494, .T.);
#3153 = EDGE_CURVE('', #266, #264, #2499, .T.);
#3154 = EDGE_CURVE('', #268, #264, #2504, .T.);
#3155 = EDGE_CURVE('', #270, #276, #2509, .T.);
#3156 = EDGE_CURVE('', #270, #274, #2514, .T.);
#3157 = EDGE_CURVE('', #274, #272, #2519, .T.);
#3158 = EDGE_CURVE('', #276, #272, #2524, .T.);
#3159 = EDGE_CURVE('', #272, #264, #2528, .T.);
#3160 = EDGE_CURVE('', #270, #262, #2532, .T.);
#3161 = EDGE_CURVE('', #278, #280, #2536, .T.);
#3162 = EDGE_CURVE('', #284, #282, #2540, .T.);
#3163 = EDGE_CURVE('', #280, #286, #2544, .T.);
#3164 = EDGE_CURVE('', #282, #288, #2548, .T.);
#3165 = EDGE_CURVE('', #286, #290, #2552, .T.);
#3166 = EDGE_CURVE('', #288, #292, #2556, .T.);
#3167 = EDGE_CURVE('', #290, #278, #2560, .T.);
#3168 = EDGE_CURVE('', #292, #284, #2564, .T.);
#3169 = EDGE_CURVE('', #294, #296, #2568, .T.);
#3170 = EDGE_CURVE('', #296, #304, #2572, .T.);
#3171 = EDGE_CURVE('', #294, #302, #2576, .T.);
#3172 = EDGE_CURVE('', #296, #298, #2580, .T.);
#3173 = EDGE_CURVE('', #298, #306, #2584, .T.);
#3174 = EDGE_CURVE('', #298, #300, #2588, .T.);
#3175 = EDGE_CURVE('', #300, #308, #2592, .T.);
#3176 = EDGE_CURVE('', #300, #294, #2596, .T.);
#3177 = EDGE_CURVE('', #302, #304, #2600, .T.);
#3178 = EDGE_CURVE('', #304, #306, #2604, .T.);
#3179 = EDGE_CURVE('', #306, #308, #2608, .T.);
#3180 = EDGE_CURVE('', #308, #302, #2612, .T.);
#3181 = EDGE_CURVE('', #282, #74, #2616, .T.);
#3182 = EDGE_CURVE('', #288, #80, #2620, .T.);
#3183 = EDGE_CURVE('', #292, #84, #2624, .T.);
#3184 = EDGE_CURVE('', #284, #76, #2628, .T.);
#3185 = EDGE_CURVE('', #310, #312, #2632, .T.);
#3186 = EDGE_CURVE('', #312, #314, #2636, .T.);
#3187 = EDGE_CURVE('', #316, #314, #2640, .T.);
#3188 = EDGE_CURVE('', #310, #316, #2644, .T.);
#3189 = EDGE_CURVE('', #312, #318, #2648, .T.);
#3190 = EDGE_CURVE('', #318, #320, #2652, .T.);
#3191 = EDGE_CURVE('', #314, #320, #2656, .T.);
#3192 = EDGE_CURVE('', #318, #322, #2660, .T.);
#3193 = EDGE_CURVE('', #322, #324, #2664, .T.);
#3194 = EDGE_CURVE('', #320, #324, #2668, .T.);
#3195 = EDGE_CURVE('', #322, #310, #2672, .T.);
#3196 = EDGE_CURVE('', #324, #316, #2676, .T.);
#3197 = EDGE_CURVE('', #326, #328, #2680, .T.);
#3198 = EDGE_CURVE('', #328, #330, #2684, .T.);
#3199 = EDGE_CURVE('', #332, #330, #2688, .T.);
#3200 = EDGE_CURVE('', #326, #332, #2692, .T.);
#3201 = EDGE_CURVE('', #328, #334, #2696, .T.);
#3202 = EDGE_CURVE('', #334, #336, #2700, .T.);
#3203 = EDGE_CURVE('', #330, #336, #2704, .T.);
#3204 = EDGE_CURVE('', #334, #338, #2708, .T.);
#3205 = EDGE_CURVE('', #338, #340, #2712, .T.);
#3206 = EDGE_CURVE('', #336, #340, #2716, .T.);
#3207 = EDGE_CURVE('', #338, #326, #2720, .T.);
#3208 = EDGE_CURVE('', #340, #332, #2724, .T.);
#3209 = EDGE_CURVE('', #344, #342, #2728, .T.);
#3210 = EDGE_CURVE('', #342, #346, #2732, .T.);
#3211 = EDGE_CURVE('', #346, #348, #2736, .T.);
#3212 = EDGE_CURVE('', #348, #344, #2740, .T.);
#3213 = EDGE_CURVE('', #350, #352, #2744, .T.);
#3214 = EDGE_CURVE('', #352, #354, #2748, .T.);
#3215 = EDGE_CURVE('', #354, #356, #2752, .T.);
#3216 = EDGE_CURVE('', #356, #350, #2756, .T.);
#3217 = EDGE_CURVE('', #356, #348, #2760, .T.);
#3218 = EDGE_CURVE('', #354, #346, #2764, .T.);
#3219 = EDGE_CURVE('', #352, #342, #2768, .T.);
#3220 = EDGE_CURVE('', #350, #344, #2772, .T.);
#3221 = EDGE_CURVE('', #358, #360, #2776, .T.);
#3222 = EDGE_CURVE('', #360, #362, #2780, .T.);
#3223 = EDGE_CURVE('', #364, #362, #2784, .T.);
#3224 = EDGE_CURVE('', #358, #364, #2788, .T.);
#3225 = EDGE_CURVE('', #360, #366, #2792, .T.);
#3226 = EDGE_CURVE('', #366, #368, #2796, .T.);
#3227 = EDGE_CURVE('', #362, #368, #2800, .T.);
#3228 = EDGE_CURVE('', #366, #370, #2804, .T.);
#3229 = EDGE_CURVE('', #370, #372, #2808, .T.);
#3230 = EDGE_CURVE('', #368, #372, #2812, .T.);
#3231 = EDGE_CURVE('', #370, #358, #2816, .T.);
#3232 = EDGE_CURVE('', #372, #364, #2820, .T.);
#3233 = EDGE_CURVE('', #374, #376, #2824, .T.);
#3234 = EDGE_CURVE('', #376, #378, #2828, .T.);
#3235 = EDGE_CURVE('', #380, #378, #2832, .T.);
#3236 = EDGE_CURVE('', #374, #380, #2836, .T.);
#3237 = EDGE_CURVE('', #376, #382, #2840, .T.);
#3238 = EDGE_CURVE('', #382, #384, #2844, .T.);
#3239 = EDGE_CURVE('', #378, #384, #2848, .T.);
#3240 = EDGE_CURVE('', #382, #386, #2852, .T.);
#3241 = EDGE_CURVE('', #386, #388, #2856, .T.);
#3242 = EDGE_CURVE('', #384, #388, #2860, .T.);
#3243 = EDGE_CURVE('', #386, #374, #2864, .T.);
#3244 = EDGE_CURVE('', #388, #380, #2868, .T.);
#3245 = EDGE_CURVE('', #390, #392, #2872, .T.);
#3246 = EDGE_CURVE('', #392, #394, #2876, .T.);
#3247 = EDGE_CURVE('', #396, #394, #2880, .T.);
#3248 = EDGE_CURVE('', #390, #396, #2884, .T.);
#3249 = EDGE_CURVE('', #392, #398, #2888, .T.);
#3250 = EDGE_CURVE('', #398, #400, #2892, .T.);
#3251 = EDGE_CURVE('', #394, #400, #2896, .T.);
#3252 = EDGE_CURVE('', #398, #402, #2900, .T.);
#3253 = EDGE_CURVE('', #402, #404, #2904, .T.);
#3254 = EDGE_CURVE('', #400, #404, #2908, .T.);
#3255 = EDGE_CURVE('', #402, #390, #2912, .T.);
#3256 = EDGE_CURVE('', #404, #396, #2916, .T.);
#3257 = EDGE_CURVE('', #406, #408, #2920, .T.);
#3258 = EDGE_CURVE('', #408, #410, #2924, .T.);
#3259 = EDGE_CURVE('', #412, #410, #2928, .T.);
#3260 = EDGE_CURVE('', #406, #412, #2932, .T.);
#3261 = EDGE_CURVE('', #408, #414, #2936, .T.);
#3262 = EDGE_CURVE('', #414, #416, #2940, .T.);
#3263 = EDGE_CURVE('', #410, #416, #2944, .T.);
#3264 = EDGE_CURVE('', #414, #418, #2948, .T.);
#3265 = EDGE_CURVE('', #418, #420, #2952, .T.);
#3266 = EDGE_CURVE('', #416, #420, #2956, .T.);
#3267 = EDGE_CURVE('', #418, #406, #2960, .T.);
#3268 = EDGE_CURVE('', #420, #412, #2964, .T.);
#3269 = CARTESIAN_POINT('', (-68.5, 68.5, 86.));
#3270 = DIRECTION('', (0., -0., -1.));
#3271 = DIRECTION('', (-1., 0., -0.));
#3272 = AXIS2_PLACEMENT_3D('', #3269, #3270, #3271);
#3273 = CYLINDRICAL_SURFACE('', #3272, 1.5);
#3274 = CARTESIAN_POINT('', (-68.5, -68.5, 86.));
#3275 = DIRECTION('', (0., 0., -1.));
#3276 = DIRECTION('', (-0., -1., -0.));
#3277 = AXIS2_PLACEMENT_3D('', #3274, #3275, #3276);
#3278 = CYLINDRICAL_SURFACE('', #3277, 1.5);
#3279 = CARTESIAN_POINT('', (68.5, -68.5, 86.));
#3280 = DIRECTION('', (-0., 0., -1.));
#3281 = DIRECTION('', (1., -0., -0.));
#3282 = AXIS2_PLACEMENT_3D('', #3279, #3280, #3281);
#3283 = CYLINDRICAL_SURFACE('', #3282, 1.5);
#3284 = CARTESIAN_POINT('', (68.5, 68.5, 86.));
#3285 = DIRECTION('', (-0., -0., -1.));
#3286 = DIRECTION('', (0., 1., -0.));
#3287 = AXIS2_PLACEMENT_3D('', #3284, #3285, #3286);
#3288 = CYLINDRICAL_SURFACE('', #3287, 1.5);
#3289 = CARTESIAN_POINT('', (-68.5, 0., 170.5));
#3290 = DIRECTION('', (0., 1., -0.));
#3291 = DIRECTION('', (-1., 0., 0.));
#3292 = AXIS2_PLACEMENT_3D('', #3289, #3290, #3291);
#3293 = CYLINDRICAL_SURFACE('', #3292, 1.5);
#3294 = CARTESIAN_POINT('', (-0., -68.5, 170.5));
#3295 = DIRECTION('', (-1., 0., -0.));
#3296 = DIRECTION('', (-0., -1., 0.));
#3297 = AXIS2_PLACEMENT_3D('', #3294, #3295, #3296);
#3298 = CYLINDRICAL_SURFACE('', #3297, 1.5);
#3299 = CARTESIAN_POINT('', (68.5, -0., 170.5));
#3300 = DIRECTION('', (-0., -1., -0.));
#3301 = DIRECTION('', (1., -0., 0.));
#3302 = AXIS2_PLACEMENT_3D('', #3299, #3300, #3301);
#3303 = CYLINDRICAL_SURFACE('', #3302, 1.5);
#3304 = CARTESIAN_POINT('', (0., 68.5, 170.5));
#3305 = DIRECTION('', (1., -0., -0.));
#3306 = DIRECTION('', (0., 1., 0.));
#3307 = AXIS2_PLACEMENT_3D('', #3304, #3305, #3306);
#3308 = CYLINDRICAL_SURFACE('', #3307, 1.5);
#3309 = CARTESIAN_POINT('', (0., 0., 172.));
#3310 = DIRECTION('', (0., -0., 1.));
#3311 = AXIS2_PLACEMENT_3D('', #3309, #3310, $);
#3312 = PLANE('', #3311);
#3313 = CARTESIAN_POINT('', (-68.5, 0., 1.5));
#3314 = DIRECTION('', (0., 1., 0.));
#3315 = DIRECTION('', (0., 0., -1.));
#3316 = AXIS2_PLACEMENT_3D('', #3313, #3314, #3315);
#3317 = CYLINDRICAL_SURFACE('', #3316, 1.5);
#3318 = CARTESIAN_POINT('', (-70., 0., 86.));
#3319 = DIRECTION('', (-1., -0., 0.));
#3320 = AXIS2_PLACEMENT_3D('', #3318, #3319, $);
#3321 = PLANE('', #3320);
#3322 = CARTESIAN_POINT('', (-0., -68.5, 1.5));
#3323 = DIRECTION('', (-1., 0., 0.));
#3324 = DIRECTION('', (-0., 0., -1.));
#3325 = AXIS2_PLACEMENT_3D('', #3322, #3323, #3324);
#3326 = CYLINDRICAL_SURFACE('', #3325, 1.5);
#3327 = CARTESIAN_POINT('', (0., -70., 86.));
#3328 = DIRECTION('', (0., -1., 0.));
#3329 = AXIS2_PLACEMENT_3D('', #3327, #3328, $);
#3330 = PLANE('', #3329);
#3331 = CARTESIAN_POINT('', (68.5, -0., 1.5));
#3332 = DIRECTION('', (-0., -1., 0.));
#3333 = DIRECTION('', (0., -0., -1.));
#3334 = AXIS2_PLACEMENT_3D('', #3331, #3332, #3333);
#3335 = CYLINDRICAL_SURFACE('', #3334, 1.5);
#3336 = CARTESIAN_POINT('', (70., 0., 86.));
#3337 = DIRECTION('', (1., -0., 0.));
#3338 = AXIS2_PLACEMENT_3D('', #3336, #3337, $);
#3339 = PLANE('', #3338);
#3340 = CARTESIAN_POINT('', (0., 68.5, 1.5));
#3341 = DIRECTION('', (1., -0., 0.));
#3342 = DIRECTION('', (0., 0., -1.));
#3343 = AXIS2_PLACEMENT_3D('', #3340, #3341, #3342);
#3344 = CYLINDRICAL_SURFACE('', #3343, 1.5);
#3345 = CARTESIAN_POINT('', (0., 0., 0.));
#3346 = DIRECTION('', (0., -0., 1.));
#3347 = AXIS2_PLACEMENT_3D('', #3345, #3346, $);
#3348 = PLANE('', #3347);
#3349 = CARTESIAN_POINT('', (0., 70., 86.));
#3350 = DIRECTION('', (0., 1., -0.));
#3351 = AXIS2_PLACEMENT_3D('', #3349, #3350, $);
#3352 = PLANE('', #3351);
#3353 = CARTESIAN_POINT('', (67., 0., 87.5));
#3354 = DIRECTION('', (1., -0., 0.));
#3355 = AXIS2_PLACEMENT_3D('', #3353, #3354, $);
#3356 = PLANE('', #3355);
#3357 = CARTESIAN_POINT('', (0., 67., 87.5));
#3358 = DIRECTION('', (0., 1., -0.));
#3359 = AXIS2_PLACEMENT_3D('', #3357, #3358, $);
#3360 = PLANE('', #3359);
#3361 = CARTESIAN_POINT('', (-67., 0., 87.5));
#3362 = DIRECTION('', (-1., -0., 0.));
#3363 = AXIS2_PLACEMENT_3D('', #3361, #3362, $);
#3364 = PLANE('', #3363);
#3365 = CARTESIAN_POINT('', (0., -67., 87.5));
#3366 = DIRECTION('', (0., -1., 0.));
#3367 = AXIS2_PLACEMENT_3D('', #3365, #3366, $);
#3368 = PLANE('', #3367);
#3369 = CARTESIAN_POINT('', (0., 0., 3.));
#3370 = DIRECTION('', (0., -0., 1.));
#3371 = AXIS2_PLACEMENT_3D('', #3369, #3370, $);
#3372 = PLANE('', #3371);
#3373 = CARTESIAN_POINT('', (0., 0., 13.));
#3374 = DIRECTION('', (0., -0., 1.));
#3375 = AXIS2_PLACEMENT_3D('', #3373, #3374, $);
#3376 = PLANE('', #3375);
#3377 = CARTESIAN_POINT('', (0., 0., 16.));
#3378 = DIRECTION('', (0., -0., 1.));
#3379 = AXIS2_PLACEMENT_3D('', #3377, #3378, $);
#3380 = PLANE('', #3379);
#3381 = CARTESIAN_POINT('', (-1.5, 18., 14.5));
#3382 = DIRECTION('', (1., -0., 0.));
#3383 = AXIS2_PLACEMENT_3D('', #3381, #3382, $);
#3384 = PLANE('', #3383);
#3385 = CARTESIAN_POINT('', (-17.6925, 28.16, 14.5));
#3386 = DIRECTION('', (0., 1., -0.));
#3387 = AXIS2_PLACEMENT_3D('', #3385, #3386, $);
#3388 = PLANE('', #3387);
#3389 = CARTESIAN_POINT('', (-33.885, 18., 14.5));
#3390 = DIRECTION('', (-1., -0., 0.));
#3391 = AXIS2_PLACEMENT_3D('', #3389, #3390, $);
#3392 = PLANE('', #3391);
#3393 = CARTESIAN_POINT('', (-17.6925, 7.84, 14.5));
#3394 = DIRECTION('', (0., -1., 0.));
#3395 = AXIS2_PLACEMENT_3D('', #3393, #3394, $);
#3396 = PLANE('', #3395);
#3397 = CARTESIAN_POINT('', (33.885, 18., 14.5));
#3398 = DIRECTION('', (1., -0., 0.));
#3399 = AXIS2_PLACEMENT_3D('', #3397, #3398, $);
#3400 = PLANE('', #3399);
#3401 = CARTESIAN_POINT('', (17.6925, 28.16, 14.5));
#3402 = DIRECTION('', (0., 1., -0.));
#3403 = AXIS2_PLACEMENT_3D('', #3401, #3402, $);
#3404 = PLANE('', #3403);
#3405 = CARTESIAN_POINT('', (1.5, 18., 14.5));
#3406 = DIRECTION('', (-1., -0., 0.));
#3407 = AXIS2_PLACEMENT_3D('', #3405, #3406, $);
#3408 = PLANE('', #3407);
#3409 = CARTESIAN_POINT('', (17.6925, 7.84, 14.5));
#3410 = DIRECTION('', (0., -1., 0.));
#3411 = AXIS2_PLACEMENT_3D('', #3409, #3410, $);
#3412 = PLANE('', #3411);
#3413 = CARTESIAN_POINT('', (-13., -20., 14.5));
#3414 = DIRECTION('', (1., -0., 0.));
#3415 = AXIS2_PLACEMENT_3D('', #3413, #3414, $);
#3416 = PLANE('', #3415);
#3417 = CARTESIAN_POINT('', (-22., -13., 14.5));
#3418 = DIRECTION('', (0., 1., 0.));
#3419 = AXIS2_PLACEMENT_3D('', #3417, #3418, $);
#3420 = PLANE('', #3419);
#3421 = CARTESIAN_POINT('', (-31., -20., 14.5));
#3422 = DIRECTION('', (-1., -0., 0.));
#3423 = AXIS2_PLACEMENT_3D('', #3421, #3422, $);
#3424 = PLANE('', #3423);
#3425 = CARTESIAN_POINT('', (-22., -27., 14.5));
#3426 = DIRECTION('', (0., -1., 0.));
#3427 = AXIS2_PLACEMENT_3D('', #3425, #3426, $);
#3428 = PLANE('', #3427);
#3429 = CARTESIAN_POINT('', (28.5, -20., 14.5));
#3430 = DIRECTION('', (1., -0., 0.));
#3431 = AXIS2_PLACEMENT_3D('', #3429, #3430, $);
#3432 = PLANE('', #3431);
#3433 = CARTESIAN_POINT('', (22., -14.75, 14.5));
#3434 = DIRECTION('', (0., 1., -0.));
#3435 = AXIS2_PLACEMENT_3D('', #3433, #3434, $);
#3436 = PLANE('', #3435);
#3437 = CARTESIAN_POINT('', (15.5, -20., 14.5));
#3438 = DIRECTION('', (-1., -0., 0.));
#3439 = AXIS2_PLACEMENT_3D('', #3437, #3438, $);
#3440 = PLANE('', #3439);
#3441 = CARTESIAN_POINT('', (22., -25.25, 14.5));
#3442 = DIRECTION('', (0., -1., 0.));
#3443 = AXIS2_PLACEMENT_3D('', #3441, #3442, $);
#3444 = PLANE('', #3443);
#3445 = CARTESIAN_POINT('', (10., -70., 20.));
#3446 = DIRECTION('', (1., -0., -0.));
#3447 = AXIS2_PLACEMENT_3D('', #3445, #3446, $);
#3448 = PLANE('', #3447);
#3449 = CARTESIAN_POINT('', (0., -70., 24.));
#3450 = DIRECTION('', (0., 0., 1.));
#3451 = AXIS2_PLACEMENT_3D('', #3449, #3450, $);
#3452 = PLANE('', #3451);
#3453 = CARTESIAN_POINT('', (-10., -70., 20.));
#3454 = DIRECTION('', (-1., -0., -0.));
#3455 = AXIS2_PLACEMENT_3D('', #3453, #3454, $);
#3456 = PLANE('', #3455);
#3457 = CARTESIAN_POINT('', (0., -70., 16.));
#3458 = DIRECTION('', (0., -0., -1.));
#3459 = AXIS2_PLACEMENT_3D('', #3457, #3458, $);
#3460 = PLANE('', #3459);
#3461 = CARTESIAN_POINT('', (0., -67.5, 0.));
#3462 = DIRECTION('', (0., -1., 0.));
#3463 = AXIS2_PLACEMENT_3D('', #3461, #3462, $);
#3464 = PLANE('', #3463);
#3465 = CARTESIAN_POINT('', (71.5, 60., 86.));
#3466 = DIRECTION('', (0., 1., 0.));
#3467 = AXIS2_PLACEMENT_3D('', #3465, #3466, $);
#3468 = PLANE('', #3467);
#3469 = CARTESIAN_POINT('', (71.5, 0., 146.));
#3470 = DIRECTION('', (-0., -0., 1.));
#3471 = AXIS2_PLACEMENT_3D('', #3469, #3470, $);
#3472 = PLANE('', #3471);
#3473 = CARTESIAN_POINT('', (71.5, -60., 86.));
#3474 = DIRECTION('', (0., -1., 0.));
#3475 = AXIS2_PLACEMENT_3D('', #3473, #3474, $);
#3476 = PLANE('', #3475);
#3477 = CARTESIAN_POINT('', (71.5, 0., 26.));
#3478 = DIRECTION('', (0., -0., -1.));
#3479 = AXIS2_PLACEMENT_3D('', #3477, #3478, $);
#3480 = PLANE('', #3479);
#3481 = CARTESIAN_POINT('', (73., 0., 0.));
#3482 = DIRECTION('', (1., -0., 0.));
#3483 = AXIS2_PLACEMENT_3D('', #3481, #3482, $);
#3484 = PLANE('', #3483);
#3485 = CARTESIAN_POINT('', (-71.5, 60., 86.));
#3486 = DIRECTION('', (0., 1., 0.));
#3487 = AXIS2_PLACEMENT_3D('', #3485, #3486, $);
#3488 = PLANE('', #3487);
#3489 = CARTESIAN_POINT('', (-71.5, 0., 146.));
#3490 = DIRECTION('', (-0., -0., 1.));
#3491 = AXIS2_PLACEMENT_3D('', #3489, #3490, $);
#3492 = PLANE('', #3491);
#3493 = CARTESIAN_POINT('', (-71.5, -60., 86.));
#3494 = DIRECTION('', (0., -1., 0.));
#3495 = AXIS2_PLACEMENT_3D('', #3493, #3494, $);
#3496 = PLANE('', #3495);
#3497 = CARTESIAN_POINT('', (-71.5, 0., 26.));
#3498 = DIRECTION('', (0., -0., -1.));
#3499 = AXIS2_PLACEMENT_3D('', #3497, #3498, $);
#3500 = PLANE('', #3499);
#3501 = CARTESIAN_POINT('', (-73., 0., 0.));
#3502 = DIRECTION('', (1., -0., 0.));
#3503 = AXIS2_PLACEMENT_3D('', #3501, #3502, $);
#3504 = PLANE('', #3503);
#3505 = CARTESIAN_POINT('', (70., 0., 86.));
#3506 = DIRECTION('', (1., -0., -0.));
#3507 = DIRECTION('', (0., 1., 0.));
#3508 = AXIS2_PLACEMENT_3D('', #3505, #3506, #3507);
#3509 = CYLINDRICAL_SURFACE('', #3508, 58.);
#3510 = CARTESIAN_POINT('', (-70., 0., 86.));
#3511 = DIRECTION('', (1., -0., -0.));
#3512 = DIRECTION('', (0., 1., 0.));
#3513 = AXIS2_PLACEMENT_3D('', #3510, #3511, #3512);
#3514 = CYLINDRICAL_SURFACE('', #3513, 58.);
#3515 = CARTESIAN_POINT('', (70., 52.5, 33.5));
#3516 = DIRECTION('', (1., -0., -0.));
#3517 = DIRECTION('', (0., 1., 0.));
#3518 = AXIS2_PLACEMENT_3D('', #3515, #3516, #3517);
#3519 = CYLINDRICAL_SURFACE('', #3518, 2.);
#3520 = CARTESIAN_POINT('', (-70., 52.5, 33.5));
#3521 = DIRECTION('', (1., -0., -0.));
#3522 = DIRECTION('', (0., 1., 0.));
#3523 = AXIS2_PLACEMENT_3D('', #3520, #3521, #3522);
#3524 = CYLINDRICAL_SURFACE('', #3523, 2.);
#3525 = CARTESIAN_POINT('', (0., 0., 166.4));
#3526 = DIRECTION('', (0., -0., 1.));
#3527 = AXIS2_PLACEMENT_3D('', #3525, #3526, $);
#3528 = PLANE('', #3527);
#3529 = CARTESIAN_POINT('', (0., 0., 167.6));
#3530 = DIRECTION('', (0., -0., 1.));
#3531 = AXIS2_PLACEMENT_3D('', #3529, #3530, $);
#3532 = PLANE('', #3531);
#3533 = CARTESIAN_POINT('', (65.8, 0., 167.1));
#3534 = DIRECTION('', (1., -0., -0.));
#3535 = AXIS2_PLACEMENT_3D('', #3533, #3534, $);
#3536 = PLANE('', #3535);
#3537 = CARTESIAN_POINT('', (0., 65.8, 167.1));
#3538 = DIRECTION('', (0., 1., 0.));
#3539 = AXIS2_PLACEMENT_3D('', #3537, #3538, $);
#3540 = PLANE('', #3539);
#3541 = CARTESIAN_POINT('', (-65.8, -0., 167.1));
#3542 = DIRECTION('', (-1., -0., 0.));
#3543 = AXIS2_PLACEMENT_3D('', #3541, #3542, $);
#3544 = PLANE('', #3543);
#3545 = CARTESIAN_POINT('', (0., -65.8, 167.1));
#3546 = DIRECTION('', (0., -1., 0.));
#3547 = AXIS2_PLACEMENT_3D('', #3545, #3546, $);
#3548 = PLANE('', #3547);
#3549 = CARTESIAN_POINT('', (70., 0., 173.5));
#3550 = DIRECTION('', (1., -0., 0.));
#3551 = AXIS2_PLACEMENT_3D('', #3549, #3550, $);
#3552 = PLANE('', #3551);
#3553 = CARTESIAN_POINT('', (0., 70., 173.5));
#3554 = DIRECTION('', (0., 1., 0.));
#3555 = AXIS2_PLACEMENT_3D('', #3553, #3554, $);
#3556 = PLANE('', #3555);
#3557 = CARTESIAN_POINT('', (-70., 0., 173.5));
#3558 = DIRECTION('', (-1., -0., 0.));
#3559 = AXIS2_PLACEMENT_3D('', #3557, #3558, $);
#3560 = PLANE('', #3559);
#3561 = CARTESIAN_POINT('', (0., -70., 173.5));
#3562 = DIRECTION('', (0., -1., 0.));
#3563 = AXIS2_PLACEMENT_3D('', #3561, #3562, $);
#3564 = PLANE('', #3563);
#3565 = CARTESIAN_POINT('', (0., 0., 172.));
#3566 = DIRECTION('', (0., -0., 1.));
#3567 = AXIS2_PLACEMENT_3D('', #3565, #3566, $);
#3568 = PLANE('', #3567);
#3569 = CARTESIAN_POINT('', (0., 0., 175.));
#3570 = DIRECTION('', (0., -0., 1.));
#3571 = AXIS2_PLACEMENT_3D('', #3569, #3570, $);
#3572 = PLANE('', #3571);
#3573 = CARTESIAN_POINT('', (66.65, -0., 171.));
#3574 = DIRECTION('', (1., -0., 0.));
#3575 = AXIS2_PLACEMENT_3D('', #3573, #3574, $);
#3576 = PLANE('', #3575);
#3577 = CARTESIAN_POINT('', (-0., 66.65, 171.));
#3578 = DIRECTION('', (0., 1., -0.));
#3579 = AXIS2_PLACEMENT_3D('', #3577, #3578, $);
#3580 = PLANE('', #3579);
#3581 = CARTESIAN_POINT('', (-66.65, 0., 171.));
#3582 = DIRECTION('', (-1., -0., 0.));
#3583 = AXIS2_PLACEMENT_3D('', #3581, #3582, $);
#3584 = PLANE('', #3583);
#3585 = CARTESIAN_POINT('', (0., -66.65, 171.));
#3586 = DIRECTION('', (0., -1., 0.));
#3587 = AXIS2_PLACEMENT_3D('', #3585, #3586, $);
#3588 = PLANE('', #3587);
#3589 = CARTESIAN_POINT('', (0., 0., 170.));
#3590 = DIRECTION('', (0., -0., 1.));
#3591 = AXIS2_PLACEMENT_3D('', #3589, #3590, $);
#3592 = PLANE('', #3591);
#3593 = CARTESIAN_POINT('', (0., -64.65, 170.9));
#3594 = DIRECTION('', (0., -1., 0.));
#3595 = AXIS2_PLACEMENT_3D('', #3593, #3594, $);
#3596 = PLANE('', #3595);
#3597 = CARTESIAN_POINT('', (-64.65, 0., 170.9));
#3598 = DIRECTION('', (-1., -0., 0.));
#3599 = AXIS2_PLACEMENT_3D('', #3597, #3598, $);
#3600 = PLANE('', #3599);
#3601 = CARTESIAN_POINT('', (-0., 64.65, 170.9));
#3602 = DIRECTION('', (0., 1., -0.));
#3603 = AXIS2_PLACEMENT_3D('', #3601, #3602, $);
#3604 = PLANE('', #3603);
#3605 = CARTESIAN_POINT('', (64.65, -0., 170.9));
#3606 = DIRECTION('', (1., -0., 0.));
#3607 = AXIS2_PLACEMENT_3D('', #3605, #3606, $);
#3608 = PLANE('', #3607);
#3609 = CARTESIAN_POINT('', (67.05, 4., 168.1));
#3610 = DIRECTION('', (0., 1., 0.));
#3611 = AXIS2_PLACEMENT_3D('', #3609, #3610, $);
#3612 = PLANE('', #3611);
#3613 = CARTESIAN_POINT('', (67.05, 0., 169.6));
#3614 = DIRECTION('', (0., 0., 1.));
#3615 = AXIS2_PLACEMENT_3D('', #3613, #3614, $);
#3616 = PLANE('', #3615);
#3617 = CARTESIAN_POINT('', (67.05, -4., 168.1));
#3618 = DIRECTION('', (0., -1., 0.));
#3619 = AXIS2_PLACEMENT_3D('', #3617, #3618, $);
#3620 = PLANE('', #3619);
#3621 = CARTESIAN_POINT('', (67.05, 0., 166.6));
#3622 = DIRECTION('', (0., 0., -1.));
#3623 = AXIS2_PLACEMENT_3D('', #3621, #3622, $);
#3624 = PLANE('', #3623);
#3625 = CARTESIAN_POINT('', (66.65, 0., 0.));
#3626 = DIRECTION('', (1., -0., 0.));
#3627 = AXIS2_PLACEMENT_3D('', #3625, #3626, $);
#3628 = PLANE('', #3627);
#3629 = CARTESIAN_POINT('', (67.45, 0., 0.));
#3630 = DIRECTION('', (1., -0., 0.));
#3631 = AXIS2_PLACEMENT_3D('', #3629, #3630, $);
#3632 = PLANE('', #3631);
#3633 = CARTESIAN_POINT('', (-67.05, 4., 168.1));
#3634 = DIRECTION('', (0., 1., 0.));
#3635 = AXIS2_PLACEMENT_3D('', #3633, #3634, $);
#3636 = PLANE('', #3635);
#3637 = CARTESIAN_POINT('', (-67.05, 0., 169.6));
#3638 = DIRECTION('', (-0., -0., 1.));
#3639 = AXIS2_PLACEMENT_3D('', #3637, #3638, $);
#3640 = PLANE('', #3639);
#3641 = CARTESIAN_POINT('', (-67.05, -4., 168.1));
#3642 = DIRECTION('', (0., -1., 0.));
#3643 = AXIS2_PLACEMENT_3D('', #3641, #3642, $);
#3644 = PLANE('', #3643);
#3645 = CARTESIAN_POINT('', (-67.05, 0., 166.6));
#3646 = DIRECTION('', (0., -0., -1.));
#3647 = AXIS2_PLACEMENT_3D('', #3645, #3646, $);
#3648 = PLANE('', #3647);
#3649 = CARTESIAN_POINT('', (-67.45, 0., 0.));
#3650 = DIRECTION('', (1., -0., 0.));
#3651 = AXIS2_PLACEMENT_3D('', #3649, #3650, $);
#3652 = PLANE('', #3651);
#3653 = CARTESIAN_POINT('', (-66.65, 0., 0.));
#3654 = DIRECTION('', (1., -0., 0.));
#3655 = AXIS2_PLACEMENT_3D('', #3653, #3654, $);
#3656 = PLANE('', #3655);
#3657 = CARTESIAN_POINT('', (4., 66.25, 168.1));
#3658 = DIRECTION('', (1., -0., -0.));
#3659 = AXIS2_PLACEMENT_3D('', #3657, #3658, $);
#3660 = PLANE('', #3659);
#3661 = CARTESIAN_POINT('', (0., 66.25, 169.6));
#3662 = DIRECTION('', (0., -0., 1.));
#3663 = AXIS2_PLACEMENT_3D('', #3661, #3662, $);
#3664 = PLANE('', #3663);
#3665 = CARTESIAN_POINT('', (-4., 66.25, 168.1));
#3666 = DIRECTION('', (-1., -0., -0.));
#3667 = AXIS2_PLACEMENT_3D('', #3665, #3666, $);
#3668 = PLANE('', #3667);
#3669 = CARTESIAN_POINT('', (0., 66.25, 166.6));
#3670 = DIRECTION('', (0., -0., -1.));
#3671 = AXIS2_PLACEMENT_3D('', #3669, #3670, $);
#3672 = PLANE('', #3671);
#3673 = CARTESIAN_POINT('', (0., 66.65, 0.));
#3674 = DIRECTION('', (0., -1., 0.));
#3675 = AXIS2_PLACEMENT_3D('', #3673, #3674, $);
#3676 = PLANE('', #3675);
#3677 = CARTESIAN_POINT('', (0., 65.85, 0.));
#3678 = DIRECTION('', (0., -1., 0.));
#3679 = AXIS2_PLACEMENT_3D('', #3677, #3678, $);
#3680 = PLANE('', #3679);
#3681 = CARTESIAN_POINT('', (4., -66.25, 168.1));
#3682 = DIRECTION('', (1., -0., -0.));
#3683 = AXIS2_PLACEMENT_3D('', #3681, #3682, $);
#3684 = PLANE('', #3683);
#3685 = CARTESIAN_POINT('', (0., -66.25, 169.6));
#3686 = DIRECTION('', (0., 0., 1.));
#3687 = AXIS2_PLACEMENT_3D('', #3685, #3686, $);
#3688 = PLANE('', #3687);
#3689 = CARTESIAN_POINT('', (-4., -66.25, 168.1));
#3690 = DIRECTION('', (-1., -0., -0.));
#3691 = AXIS2_PLACEMENT_3D('', #3689, #3690, $);
#3692 = PLANE('', #3691);
#3693 = CARTESIAN_POINT('', (0., -66.25, 166.6));
#3694 = DIRECTION('', (0., -0., -1.));
#3695 = AXIS2_PLACEMENT_3D('', #3693, #3694, $);
#3696 = PLANE('', #3695);
#3697 = CARTESIAN_POINT('', (0., -65.85, 0.));
#3698 = DIRECTION('', (0., -1., 0.));
#3699 = AXIS2_PLACEMENT_3D('', #3697, #3698, $);
#3700 = PLANE('', #3699);
#3701 = CARTESIAN_POINT('', (0., -66.65, 0.));
#3702 = DIRECTION('', (0., -1., 0.));
#3703 = AXIS2_PLACEMENT_3D('', #3701, #3702, $);
#3704 = PLANE('', #3703);
#3705 = ORIENTED_EDGE('', *, *, #3003, .T.);
#3706 = ORIENTED_EDGE('', *, *, #3011, .T.);
#3707 = ORIENTED_EDGE('', *, *, #2988, .T.);
#3708 = ORIENTED_EDGE('', *, *, #2985, .F.);
#3709 = ORIENTED_EDGE('', *, *, #2978, .F.);
#3710 = ORIENTED_EDGE('', *, *, #3012, .F.);
#3711 = EDGE_LOOP('', (#3705, #3706, #3707, #3708, #3709, #3710));
#3712 = FACE_BOUND('', #3711, .T.);
#3713 = ADVANCED_FACE('', (#3712), #3273, .T.);
#3714 = ORIENTED_EDGE('', *, *, #2994, .F.);
#3715 = ORIENTED_EDGE('', *, *, #2990, .F.);
#3716 = ORIENTED_EDGE('', *, *, #2995, .T.);
#3717 = ORIENTED_EDGE('', *, *, #2967, .T.);
#3718 = ORIENTED_EDGE('', *, *, #2970, .T.);
#3719 = ORIENTED_EDGE('', *, *, #2987, .F.);
#3720 = EDGE_LOOP('', (#3714, #3715, #3716, #3717, #3718, #3719));
#3721 = FACE_BOUND('', #3720, .T.);
#3722 = ADVANCED_FACE('', (#3721), #3278, .T.);
#3723 = ORIENTED_EDGE('', *, *, #3002, .F.);
#3724 = ORIENTED_EDGE('', *, *, #2997, .F.);
#3725 = ORIENTED_EDGE('', *, *, #2977, .F.);
#3726 = ORIENTED_EDGE('', *, *, #2972, .T.);
#3727 = ORIENTED_EDGE('', *, *, #2976, .T.);
#3728 = ORIENTED_EDGE('', *, *, #2993, .F.);
#3729 = EDGE_LOOP('', (#3723, #3724, #3725, #3726, #3727, #3728));
#3730 = FACE_BOUND('', #3729, .T.);
#3731 = ADVANCED_FACE('', (#3730), #3283, .T.);
#3732 = ORIENTED_EDGE('', *, *, #2999, .T.);
#3733 = ORIENTED_EDGE('', *, *, #3004, .T.);
#3734 = ORIENTED_EDGE('', *, *, #3010, .T.);
#3735 = ORIENTED_EDGE('', *, *, #2979, .F.);
#3736 = ORIENTED_EDGE('', *, *, #2974, .F.);
#3737 = ORIENTED_EDGE('', *, *, #3001, .F.);
#3738 = EDGE_LOOP('', (#3732, #3733, #3734, #3735, #3736, #3737));
#3739 = FACE_BOUND('', #3738, .T.);
#3740 = ADVANCED_FACE('', (#3739), #3288, .T.);
#3741 = ORIENTED_EDGE('', *, *, #2981, .T.);
#3742 = ORIENTED_EDGE('', *, *, #2985, .T.);
#3743 = ORIENTED_EDGE('', *, *, #2965, .F.);
#3744 = ORIENTED_EDGE('', *, *, #2970, .F.);
#3745 = ORIENTED_EDGE('', *, *, #2969, .F.);
#3746 = ORIENTED_EDGE('', *, *, #2984, .F.);
#3747 = EDGE_LOOP('', (#3741, #3742, #3743, #3744, #3745, #3746));
#3748 = FACE_BOUND('', #3747, .T.);
#3749 = ADVANCED_FACE('', (#3748), #3293, .T.);
#3750 = ORIENTED_EDGE('', *, *, #2969, .T.);
#3751 = ORIENTED_EDGE('', *, *, #2967, .F.);
#3752 = ORIENTED_EDGE('', *, *, #2968, .F.);
#3753 = ORIENTED_EDGE('', *, *, #2976, .F.);
#3754 = ORIENTED_EDGE('', *, *, #2975, .F.);
#3755 = ORIENTED_EDGE('', *, *, #2966, .F.);
#3756 = EDGE_LOOP('', (#3750, #3751, #3752, #3753, #3754, #3755));
#3757 = FACE_BOUND('', #3756, .T.);
#3758 = ADVANCED_FACE('', (#3757), #3298, .T.);
#3759 = ORIENTED_EDGE('', *, *, #2975, .T.);
#3760 = ORIENTED_EDGE('', *, *, #2972, .F.);
#3761 = ORIENTED_EDGE('', *, *, #2973, .F.);
#3762 = ORIENTED_EDGE('', *, *, #2974, .T.);
#3763 = ORIENTED_EDGE('', *, *, #2982, .T.);
#3764 = ORIENTED_EDGE('', *, *, #2971, .F.);
#3765 = EDGE_LOOP('', (#3759, #3760, #3761, #3762, #3763, #3764));
#3766 = FACE_BOUND('', #3765, .T.);
#3767 = ADVANCED_FACE('', (#3766), #3303, .T.);
#3768 = ORIENTED_EDGE('', *, *, #2982, .F.);
#3769 = ORIENTED_EDGE('', *, *, #2979, .T.);
#3770 = ORIENTED_EDGE('', *, *, #2980, .F.);
#3771 = ORIENTED_EDGE('', *, *, #2978, .T.);
#3772 = ORIENTED_EDGE('', *, *, #2981, .F.);
#3773 = ORIENTED_EDGE('', *, *, #2983, .F.);
#3774 = EDGE_LOOP('', (#3768, #3769, #3770, #3771, #3772, #3773));
#3775 = FACE_BOUND('', #3774, .T.);
#3776 = ADVANCED_FACE('', (#3775), #3308, .T.);
#3777 = ORIENTED_EDGE('', *, *, #2984, .T.);
#3778 = ORIENTED_EDGE('', *, *, #2966, .T.);
#3779 = ORIENTED_EDGE('', *, *, #2971, .T.);
#3780 = ORIENTED_EDGE('', *, *, #2983, .T.);
#3781 = ORIENTED_EDGE('', *, *, #3015, .F.);
#3782 = ORIENTED_EDGE('', *, *, #3024, .F.);
#3783 = ORIENTED_EDGE('', *, *, #3022, .F.);
#3784 = ORIENTED_EDGE('', *, *, #3019, .F.);
#3785 = EDGE_LOOP('', (#3777, #3778, #3779, #3780));
#3786 = FACE_BOUND('', #3785, .T.);
#3787 = EDGE_LOOP('', (#3781, #3782, #3783, #3784));
#3788 = FACE_BOUND('', #3787, .T.);
#3789 = ADVANCED_FACE('', (#3786, #3788), #3312, .T.);
#3790 = ORIENTED_EDGE('', *, *, #3011, .F.);
#3791 = ORIENTED_EDGE('', *, *, #3006, .F.);
#3792 = ORIENTED_EDGE('', *, *, #3009, .T.);
#3793 = ORIENTED_EDGE('', *, *, #2992, .T.);
#3794 = ORIENTED_EDGE('', *, *, #2994, .T.);
#3795 = ORIENTED_EDGE('', *, *, #2986, .F.);
#3796 = EDGE_LOOP('', (#3790, #3791, #3792, #3793, #3794, #3795));
#3797 = FACE_BOUND('', #3796, .T.);
#3798 = ADVANCED_FACE('', (#3797), #3317, .T.);
#3799 = ORIENTED_EDGE('', *, *, #2987, .T.);
#3800 = ORIENTED_EDGE('', *, *, #2965, .T.);
#3801 = ORIENTED_EDGE('', *, *, #2988, .F.);
#3802 = ORIENTED_EDGE('', *, *, #2986, .T.);
#3803 = ORIENTED_EDGE('', *, *, #3111, .T.);
#3804 = ORIENTED_EDGE('', *, *, #3115, .T.);
#3805 = ORIENTED_EDGE('', *, *, #3118, .T.);
#3806 = ORIENTED_EDGE('', *, *, #3120, .T.);
#3807 = EDGE_LOOP('', (#3799, #3800, #3801, #3802));
#3808 = FACE_BOUND('', #3807, .T.);
#3809 = EDGE_LOOP('', (#3803, #3804, #3805, #3806));
#3810 = FACE_BOUND('', #3809, .T.);
#3811 = ADVANCED_FACE('', (#3808, #3810), #3321, .T.);
#3812 = ORIENTED_EDGE('', *, *, #2990, .T.);
#3813 = ORIENTED_EDGE('', *, *, #2992, .F.);
#3814 = ORIENTED_EDGE('', *, *, #2989, .T.);
#3815 = ORIENTED_EDGE('', *, *, #3000, .T.);
#3816 = ORIENTED_EDGE('', *, *, #3002, .T.);
#3817 = ORIENTED_EDGE('', *, *, #2991, .F.);
#3818 = EDGE_LOOP('', (#3812, #3813, #3814, #3815, #3816, #3817));
#3819 = FACE_BOUND('', #3818, .T.);
#3820 = ADVANCED_FACE('', (#3819), #3326, .T.);
#3821 = ORIENTED_EDGE('', *, *, #2993, .T.);
#3822 = ORIENTED_EDGE('', *, *, #2968, .T.);
#3823 = ORIENTED_EDGE('', *, *, #2995, .F.);
#3824 = ORIENTED_EDGE('', *, *, #2991, .T.);
#3825 = ORIENTED_EDGE('', *, *, #3093, .F.);
#3826 = ORIENTED_EDGE('', *, *, #3096, .F.);
#3827 = ORIENTED_EDGE('', *, *, #3095, .F.);
#3828 = ORIENTED_EDGE('', *, *, #3094, .F.);
#3829 = EDGE_LOOP('', (#3821, #3822, #3823, #3824));
#3830 = FACE_BOUND('', #3829, .T.);
#3831 = EDGE_LOOP('', (#3825, #3826, #3827, #3828));
#3832 = FACE_BOUND('', #3831, .T.);
#3833 = ADVANCED_FACE('', (#3830, #3832), #3330, .T.);
#3834 = ORIENTED_EDGE('', *, *, #2997, .T.);
#3835 = ORIENTED_EDGE('', *, *, #3000, .F.);
#3836 = ORIENTED_EDGE('', *, *, #2996, .T.);
#3837 = ORIENTED_EDGE('', *, *, #3007, .F.);
#3838 = ORIENTED_EDGE('', *, *, #2999, .F.);
#3839 = ORIENTED_EDGE('', *, *, #2998, .F.);
#3840 = EDGE_LOOP('', (#3834, #3835, #3836, #3837, #3838, #3839));
#3841 = FACE_BOUND('', #3840, .T.);
#3842 = ADVANCED_FACE('', (#3841), #3335, .T.);
#3843 = ORIENTED_EDGE('', *, *, #3001, .T.);
#3844 = ORIENTED_EDGE('', *, *, #2973, .T.);
#3845 = ORIENTED_EDGE('', *, *, #2977, .T.);
#3846 = ORIENTED_EDGE('', *, *, #2998, .T.);
#3847 = ORIENTED_EDGE('', *, *, #3097, .F.);
#3848 = ORIENTED_EDGE('', *, *, #3107, .F.);
#3849 = ORIENTED_EDGE('', *, *, #3104, .F.);
#3850 = ORIENTED_EDGE('', *, *, #3101, .F.);
#3851 = EDGE_LOOP('', (#3843, #3844, #3845, #3846));
#3852 = FACE_BOUND('', #3851, .T.);
#3853 = EDGE_LOOP('', (#3847, #3848, #3849, #3850));
#3854 = FACE_BOUND('', #3853, .T.);
#3855 = ADVANCED_FACE('', (#3852, #3854), #3339, .T.);
#3856 = ORIENTED_EDGE('', *, *, #3004, .F.);
#3857 = ORIENTED_EDGE('', *, *, #3007, .T.);
#3858 = ORIENTED_EDGE('', *, *, #3008, .T.);
#3859 = ORIENTED_EDGE('', *, *, #3006, .T.);
#3860 = ORIENTED_EDGE('', *, *, #3003, .F.);
#3861 = ORIENTED_EDGE('', *, *, #3005, .F.);
#3862 = EDGE_LOOP('', (#3856, #3857, #3858, #3859, #3860, #3861));
#3863 = FACE_BOUND('', #3862, .T.);
#3864 = ADVANCED_FACE('', (#3863), #3344, .T.);
#3865 = ORIENTED_EDGE('', *, *, #3008, .F.);
#3866 = ORIENTED_EDGE('', *, *, #2996, .F.);
#3867 = ORIENTED_EDGE('', *, *, #2989, .F.);
#3868 = ORIENTED_EDGE('', *, *, #3009, .F.);
#3869 = EDGE_LOOP('', (#3865, #3866, #3867, #3868));
#3870 = FACE_BOUND('', #3869, .T.);
#3871 = ADVANCED_FACE('', (#3870), #3348, .F.);
#3872 = ORIENTED_EDGE('', *, *, #3012, .T.);
#3873 = ORIENTED_EDGE('', *, *, #2980, .T.);
#3874 = ORIENTED_EDGE('', *, *, #3010, .F.);
#3875 = ORIENTED_EDGE('', *, *, #3005, .T.);
#3876 = EDGE_LOOP('', (#3872, #3873, #3874, #3875));
#3877 = FACE_BOUND('', #3876, .T.);
#3878 = ADVANCED_FACE('', (#3877), #3352, .T.);
#3879 = ORIENTED_EDGE('', *, *, #3016, .T.);
#3880 = ORIENTED_EDGE('', *, *, #3025, .T.);
#3881 = ORIENTED_EDGE('', *, *, #3014, .F.);
#3882 = ORIENTED_EDGE('', *, *, #3013, .F.);
#3883 = EDGE_LOOP('', (#3879, #3880, #3881, #3882));
#3884 = FACE_BOUND('', #3883, .T.);
#3885 = ADVANCED_FACE('', (#3884), #3356, .F.);
#3886 = ORIENTED_EDGE('', *, *, #3014, .T.);
#3887 = ORIENTED_EDGE('', *, *, #3027, .T.);
#3888 = ORIENTED_EDGE('', *, *, #3018, .F.);
#3889 = ORIENTED_EDGE('', *, *, #3017, .F.);
#3890 = EDGE_LOOP('', (#3886, #3887, #3888, #3889));
#3891 = FACE_BOUND('', #3890, .T.);
#3892 = ADVANCED_FACE('', (#3891), #3360, .F.);
#3893 = ORIENTED_EDGE('', *, *, #3018, .T.);
#3894 = ORIENTED_EDGE('', *, *, #3029, .T.);
#3895 = ORIENTED_EDGE('', *, *, #3021, .F.);
#3896 = ORIENTED_EDGE('', *, *, #3020, .F.);
#3897 = EDGE_LOOP('', (#3893, #3894, #3895, #3896));
#3898 = FACE_BOUND('', #3897, .T.);
#3899 = ADVANCED_FACE('', (#3898), #3364, .F.);
#3900 = ORIENTED_EDGE('', *, *, #3021, .T.);
#3901 = ORIENTED_EDGE('', *, *, #3031, .T.);
#3902 = ORIENTED_EDGE('', *, *, #3016, .F.);
#3903 = ORIENTED_EDGE('', *, *, #3023, .F.);
#3904 = EDGE_LOOP('', (#3900, #3901, #3902, #3903));
#3905 = FACE_BOUND('', #3904, .T.);
#3906 = ADVANCED_FACE('', (#3905), #3368, .F.);
#3907 = ORIENTED_EDGE('', *, *, #3013, .T.);
#3908 = ORIENTED_EDGE('', *, *, #3017, .T.);
#3909 = ORIENTED_EDGE('', *, *, #3020, .T.);
#3910 = ORIENTED_EDGE('', *, *, #3023, .T.);
#3911 = EDGE_LOOP('', (#3907, #3908, #3909, #3910));
#3912 = FACE_BOUND('', #3911, .T.);
#3913 = ADVANCED_FACE('', (#3912), #3372, .T.);
#3914 = ORIENTED_EDGE('', *, *, #3031, .F.);
#3915 = ORIENTED_EDGE('', *, *, #3029, .F.);
#3916 = ORIENTED_EDGE('', *, *, #3027, .F.);
#3917 = ORIENTED_EDGE('', *, *, #3025, .F.);
#3918 = ORIENTED_EDGE('', *, *, #3041, .T.);
#3919 = ORIENTED_EDGE('', *, *, #3044, .T.);
#3920 = ORIENTED_EDGE('', *, *, #3047, .T.);
#3921 = ORIENTED_EDGE('', *, *, #3037, .T.);
#3922 = ORIENTED_EDGE('', *, *, #3053, .T.);
#3923 = ORIENTED_EDGE('', *, *, #3056, .T.);
#3924 = ORIENTED_EDGE('', *, *, #3059, .T.);
#3925 = ORIENTED_EDGE('', *, *, #3049, .T.);
#3926 = ORIENTED_EDGE('', *, *, #3065, .T.);
#3927 = ORIENTED_EDGE('', *, *, #3068, .T.);
#3928 = ORIENTED_EDGE('', *, *, #3071, .T.);
#3929 = ORIENTED_EDGE('', *, *, #3061, .T.);
#3930 = ORIENTED_EDGE('', *, *, #3077, .T.);
#3931 = ORIENTED_EDGE('', *, *, #3080, .T.);
#3932 = ORIENTED_EDGE('', *, *, #3083, .T.);
#3933 = ORIENTED_EDGE('', *, *, #3073, .T.);
#3934 = EDGE_LOOP('', (#3914, #3915, #3916, #3917));
#3935 = FACE_BOUND('', #3934, .T.);
#3936 = EDGE_LOOP('', (#3918, #3919, #3920, #3921));
#3937 = FACE_BOUND('', #3936, .T.);
#3938 = EDGE_LOOP('', (#3922, #3923, #3924, #3925));
#3939 = FACE_BOUND('', #3938, .T.);
#3940 = EDGE_LOOP('', (#3926, #3927, #3928, #3929));
#3941 = FACE_BOUND('', #3940, .T.);
#3942 = EDGE_LOOP('', (#3930, #3931, #3932, #3933));
#3943 = FACE_BOUND('', #3942, .T.);
#3944 = ADVANCED_FACE('', (#3935, #3937, #3939, #3941, #3943), #3376, .F.);
#3945 = ORIENTED_EDGE('', *, *, #3026, .T.);
#3946 = ORIENTED_EDGE('', *, *, #3028, .T.);
#3947 = ORIENTED_EDGE('', *, *, #3030, .T.);
#3948 = ORIENTED_EDGE('', *, *, #3032, .T.);
#3949 = ORIENTED_EDGE('', *, *, #3039, .F.);
#3950 = ORIENTED_EDGE('', *, *, #3048, .F.);
#3951 = ORIENTED_EDGE('', *, *, #3046, .F.);
#3952 = ORIENTED_EDGE('', *, *, #3043, .F.);
#3953 = ORIENTED_EDGE('', *, *, #3051, .F.);
#3954 = ORIENTED_EDGE('', *, *, #3060, .F.);
#3955 = ORIENTED_EDGE('', *, *, #3058, .F.);
#3956 = ORIENTED_EDGE('', *, *, #3055, .F.);
#3957 = ORIENTED_EDGE('', *, *, #3063, .F.);
#3958 = ORIENTED_EDGE('', *, *, #3072, .F.);
#3959 = ORIENTED_EDGE('', *, *, #3070, .F.);
#3960 = ORIENTED_EDGE('', *, *, #3067, .F.);
#3961 = ORIENTED_EDGE('', *, *, #3075, .F.);
#3962 = ORIENTED_EDGE('', *, *, #3084, .F.);
#3963 = ORIENTED_EDGE('', *, *, #3082, .F.);
#3964 = ORIENTED_EDGE('', *, *, #3079, .F.);
#3965 = EDGE_LOOP('', (#3945, #3946, #3947, #3948));
#3966 = FACE_BOUND('', #3965, .T.);
#3967 = EDGE_LOOP('', (#3949, #3950, #3951, #3952));
#3968 = FACE_BOUND('', #3967, .T.);
#3969 = EDGE_LOOP('', (#3953, #3954, #3955, #3956));
#3970 = FACE_BOUND('', #3969, .T.);
#3971 = EDGE_LOOP('', (#3957, #3958, #3959, #3960));
#3972 = FACE_BOUND('', #3971, .T.);
#3973 = EDGE_LOOP('', (#3961, #3962, #3963, #3964));
#3974 = FACE_BOUND('', #3973, .T.);
#3975 = ADVANCED_FACE('', (#3966, #3968, #3970, #3972, #3974), #3380, .T.);
#3976 = ORIENTED_EDGE('', *, *, #3032, .F.);
#3977 = ORIENTED_EDGE('', *, *, #3033, .T.);
#3978 = ORIENTED_EDGE('', *, *, #3167, .T.);
#3979 = ORIENTED_EDGE('', *, *, #3036, .F.);
#3980 = EDGE_LOOP('', (#3976, #3977, #3978, #3979));
#3981 = FACE_BOUND('', #3980, .T.);
#3982 = ADVANCED_FACE('', (#3981), #3368, .F.);
#3983 = ORIENTED_EDGE('', *, *, #3030, .F.);
#3984 = ORIENTED_EDGE('', *, *, #3034, .T.);
#3985 = ORIENTED_EDGE('', *, *, #3165, .T.);
#3986 = ORIENTED_EDGE('', *, *, #3033, .F.);
#3987 = ORIENTED_EDGE('', *, *, #3132, .T.);
#3988 = ORIENTED_EDGE('', *, *, #3133, .T.);
#3989 = ORIENTED_EDGE('', *, *, #3134, .F.);
#3990 = ORIENTED_EDGE('', *, *, #3131, .F.);
#3991 = ORIENTED_EDGE('', *, *, #3152, .T.);
#3992 = ORIENTED_EDGE('', *, *, #3153, .T.);
#3993 = ORIENTED_EDGE('', *, *, #3154, .F.);
#3994 = ORIENTED_EDGE('', *, *, #3151, .F.);
#3995 = EDGE_LOOP('', (#3983, #3984, #3985, #3986));
#3996 = FACE_BOUND('', #3995, .T.);
#3997 = EDGE_LOOP('', (#3987, #3988, #3989, #3990));
#3998 = FACE_BOUND('', #3997, .T.);
#3999 = EDGE_LOOP('', (#3991, #3992, #3993, #3994));
#4000 = FACE_BOUND('', #3999, .T.);
#4001 = ADVANCED_FACE('', (#3996, #3998, #4000), #3364, .F.);
#4002 = ORIENTED_EDGE('', *, *, #3028, .F.);
#4003 = ORIENTED_EDGE('', *, *, #3035, .T.);
#4004 = ORIENTED_EDGE('', *, *, #3163, .T.);
#4005 = ORIENTED_EDGE('', *, *, #3034, .F.);
#4006 = EDGE_LOOP('', (#4002, #4003, #4004, #4005));
#4007 = FACE_BOUND('', #4006, .T.);
#4008 = ADVANCED_FACE('', (#4007), #3360, .F.);
#4009 = ORIENTED_EDGE('', *, *, #3026, .F.);
#4010 = ORIENTED_EDGE('', *, *, #3036, .T.);
#4011 = ORIENTED_EDGE('', *, *, #3161, .T.);
#4012 = ORIENTED_EDGE('', *, *, #3035, .F.);
#4013 = ORIENTED_EDGE('', *, *, #3124, .T.);
#4014 = ORIENTED_EDGE('', *, *, #3123, .F.);
#4015 = ORIENTED_EDGE('', *, *, #3122, .F.);
#4016 = ORIENTED_EDGE('', *, *, #3121, .T.);
#4017 = ORIENTED_EDGE('', *, *, #3144, .T.);
#4018 = ORIENTED_EDGE('', *, *, #3143, .F.);
#4019 = ORIENTED_EDGE('', *, *, #3142, .F.);
#4020 = ORIENTED_EDGE('', *, *, #3141, .T.);
#4021 = EDGE_LOOP('', (#4009, #4010, #4011, #4012));
#4022 = FACE_BOUND('', #4021, .T.);
#4023 = EDGE_LOOP('', (#4013, #4014, #4015, #4016));
#4024 = FACE_BOUND('', #4023, .T.);
#4025 = EDGE_LOOP('', (#4017, #4018, #4019, #4020));
#4026 = FACE_BOUND('', #4025, .T.);
#4027 = ADVANCED_FACE('', (#4022, #4024, #4026), #3356, .F.);
#4028 = ORIENTED_EDGE('', *, *, #3040, .T.);
#4029 = ORIENTED_EDGE('', *, *, #3039, .T.);
#4030 = ORIENTED_EDGE('', *, *, #3038, .F.);
#4031 = ORIENTED_EDGE('', *, *, #3037, .F.);
#4032 = EDGE_LOOP('', (#4028, #4029, #4030, #4031));
#4033 = FACE_BOUND('', #4032, .T.);
#4034 = ADVANCED_FACE('', (#4033), #3384, .F.);
#4035 = ORIENTED_EDGE('', *, *, #3038, .T.);
#4036 = ORIENTED_EDGE('', *, *, #3043, .T.);
#4037 = ORIENTED_EDGE('', *, *, #3042, .F.);
#4038 = ORIENTED_EDGE('', *, *, #3041, .F.);
#4039 = EDGE_LOOP('', (#4035, #4036, #4037, #4038));
#4040 = FACE_BOUND('', #4039, .T.);
#4041 = ADVANCED_FACE('', (#4040), #3388, .F.);
#4042 = ORIENTED_EDGE('', *, *, #3042, .T.);
#4043 = ORIENTED_EDGE('', *, *, #3046, .T.);
#4044 = ORIENTED_EDGE('', *, *, #3045, .F.);
#4045 = ORIENTED_EDGE('', *, *, #3044, .F.);
#4046 = EDGE_LOOP('', (#4042, #4043, #4044, #4045));
#4047 = FACE_BOUND('', #4046, .T.);
#4048 = ADVANCED_FACE('', (#4047), #3392, .F.);
#4049 = ORIENTED_EDGE('', *, *, #3045, .T.);
#4050 = ORIENTED_EDGE('', *, *, #3048, .T.);
#4051 = ORIENTED_EDGE('', *, *, #3040, .F.);
#4052 = ORIENTED_EDGE('', *, *, #3047, .F.);
#4053 = EDGE_LOOP('', (#4049, #4050, #4051, #4052));
#4054 = FACE_BOUND('', #4053, .T.);
#4055 = ADVANCED_FACE('', (#4054), #3396, .F.);
#4056 = ORIENTED_EDGE('', *, *, #3052, .T.);
#4057 = ORIENTED_EDGE('', *, *, #3051, .T.);
#4058 = ORIENTED_EDGE('', *, *, #3050, .F.);
#4059 = ORIENTED_EDGE('', *, *, #3049, .F.);
#4060 = EDGE_LOOP('', (#4056, #4057, #4058, #4059));
#4061 = FACE_BOUND('', #4060, .T.);
#4062 = ADVANCED_FACE('', (#4061), #3400, .F.);
#4063 = ORIENTED_EDGE('', *, *, #3050, .T.);
#4064 = ORIENTED_EDGE('', *, *, #3055, .T.);
#4065 = ORIENTED_EDGE('', *, *, #3054, .F.);
#4066 = ORIENTED_EDGE('', *, *, #3053, .F.);
#4067 = EDGE_LOOP('', (#4063, #4064, #4065, #4066));
#4068 = FACE_BOUND('', #4067, .T.);
#4069 = ADVANCED_FACE('', (#4068), #3404, .F.);
#4070 = ORIENTED_EDGE('', *, *, #3054, .T.);
#4071 = ORIENTED_EDGE('', *, *, #3058, .T.);
#4072 = ORIENTED_EDGE('', *, *, #3057, .F.);
#4073 = ORIENTED_EDGE('', *, *, #3056, .F.);
#4074 = EDGE_LOOP('', (#4070, #4071, #4072, #4073));
#4075 = FACE_BOUND('', #4074, .T.);
#4076 = ADVANCED_FACE('', (#4075), #3408, .F.);
#4077 = ORIENTED_EDGE('', *, *, #3057, .T.);
#4078 = ORIENTED_EDGE('', *, *, #3060, .T.);
#4079 = ORIENTED_EDGE('', *, *, #3052, .F.);
#4080 = ORIENTED_EDGE('', *, *, #3059, .F.);
#4081 = EDGE_LOOP('', (#4077, #4078, #4079, #4080));
#4082 = FACE_BOUND('', #4081, .T.);
#4083 = ADVANCED_FACE('', (#4082), #3412, .F.);
#4084 = ORIENTED_EDGE('', *, *, #3064, .T.);
#4085 = ORIENTED_EDGE('', *, *, #3063, .T.);
#4086 = ORIENTED_EDGE('', *, *, #3062, .F.);
#4087 = ORIENTED_EDGE('', *, *, #3061, .F.);
#4088 = EDGE_LOOP('', (#4084, #4085, #4086, #4087));
#4089 = FACE_BOUND('', #4088, .T.);
#4090 = ADVANCED_FACE('', (#4089), #3416, .F.);
#4091 = ORIENTED_EDGE('', *, *, #3062, .T.);
#4092 = ORIENTED_EDGE('', *, *, #3067, .T.);
#4093 = ORIENTED_EDGE('', *, *, #3066, .F.);
#4094 = ORIENTED_EDGE('', *, *, #3065, .F.);
#4095 = EDGE_LOOP('', (#4091, #4092, #4093, #4094));
#4096 = FACE_BOUND('', #4095, .T.);
#4097 = ADVANCED_FACE('', (#4096), #3420, .F.);
#4098 = ORIENTED_EDGE('', *, *, #3066, .T.);
#4099 = ORIENTED_EDGE('', *, *, #3070, .T.);
#4100 = ORIENTED_EDGE('', *, *, #3069, .F.);
#4101 = ORIENTED_EDGE('', *, *, #3068, .F.);
#4102 = EDGE_LOOP('', (#4098, #4099, #4100, #4101));
#4103 = FACE_BOUND('', #4102, .T.);
#4104 = ADVANCED_FACE('', (#4103), #3424, .F.);
#4105 = ORIENTED_EDGE('', *, *, #3069, .T.);
#4106 = ORIENTED_EDGE('', *, *, #3072, .T.);
#4107 = ORIENTED_EDGE('', *, *, #3064, .F.);
#4108 = ORIENTED_EDGE('', *, *, #3071, .F.);
#4109 = EDGE_LOOP('', (#4105, #4106, #4107, #4108));
#4110 = FACE_BOUND('', #4109, .T.);
#4111 = ADVANCED_FACE('', (#4110), #3428, .F.);
#4112 = ORIENTED_EDGE('', *, *, #3076, .T.);
#4113 = ORIENTED_EDGE('', *, *, #3075, .T.);
#4114 = ORIENTED_EDGE('', *, *, #3074, .F.);
#4115 = ORIENTED_EDGE('', *, *, #3073, .F.);
#4116 = EDGE_LOOP('', (#4112, #4113, #4114, #4115));
#4117 = FACE_BOUND('', #4116, .T.);
#4118 = ADVANCED_FACE('', (#4117), #3432, .F.);
#4119 = ORIENTED_EDGE('', *, *, #3074, .T.);
#4120 = ORIENTED_EDGE('', *, *, #3079, .T.);
#4121 = ORIENTED_EDGE('', *, *, #3078, .F.);
#4122 = ORIENTED_EDGE('', *, *, #3077, .F.);
#4123 = EDGE_LOOP('', (#4119, #4120, #4121, #4122));
#4124 = FACE_BOUND('', #4123, .T.);
#4125 = ADVANCED_FACE('', (#4124), #3436, .F.);
#4126 = ORIENTED_EDGE('', *, *, #3078, .T.);
#4127 = ORIENTED_EDGE('', *, *, #3082, .T.);
#4128 = ORIENTED_EDGE('', *, *, #3081, .F.);
#4129 = ORIENTED_EDGE('', *, *, #3080, .F.);
#4130 = EDGE_LOOP('', (#4126, #4127, #4128, #4129));
#4131 = FACE_BOUND('', #4130, .T.);
#4132 = ADVANCED_FACE('', (#4131), #3440, .F.);
#4133 = ORIENTED_EDGE('', *, *, #3081, .T.);
#4134 = ORIENTED_EDGE('', *, *, #3084, .T.);
#4135 = ORIENTED_EDGE('', *, *, #3076, .F.);
#4136 = ORIENTED_EDGE('', *, *, #3083, .F.);
#4137 = EDGE_LOOP('', (#4133, #4134, #4135, #4136));
#4138 = FACE_BOUND('', #4137, .T.);
#4139 = ADVANCED_FACE('', (#4138), #3444, .F.);
#4140 = ORIENTED_EDGE('', *, *, #3087, .T.);
#4141 = ORIENTED_EDGE('', *, *, #3093, .T.);
#4142 = ORIENTED_EDGE('', *, *, #3086, .F.);
#4143 = ORIENTED_EDGE('', *, *, #3085, .F.);
#4144 = EDGE_LOOP('', (#4140, #4141, #4142, #4143));
#4145 = FACE_BOUND('', #4144, .T.);
#4146 = ADVANCED_FACE('', (#4145), #3448, .F.);
#4147 = ORIENTED_EDGE('', *, *, #3086, .T.);
#4148 = ORIENTED_EDGE('', *, *, #3094, .T.);
#4149 = ORIENTED_EDGE('', *, *, #3089, .F.);
#4150 = ORIENTED_EDGE('', *, *, #3088, .F.);
#4151 = EDGE_LOOP('', (#4147, #4148, #4149, #4150));
#4152 = FACE_BOUND('', #4151, .T.);
#4153 = ADVANCED_FACE('', (#4152), #3452, .F.);
#4154 = ORIENTED_EDGE('', *, *, #3089, .T.);
#4155 = ORIENTED_EDGE('', *, *, #3095, .T.);
#4156 = ORIENTED_EDGE('', *, *, #3091, .F.);
#4157 = ORIENTED_EDGE('', *, *, #3090, .F.);
#4158 = EDGE_LOOP('', (#4154, #4155, #4156, #4157));
#4159 = FACE_BOUND('', #4158, .T.);
#4160 = ADVANCED_FACE('', (#4159), #3456, .F.);
#4161 = ORIENTED_EDGE('', *, *, #3091, .T.);
#4162 = ORIENTED_EDGE('', *, *, #3096, .T.);
#4163 = ORIENTED_EDGE('', *, *, #3087, .F.);
#4164 = ORIENTED_EDGE('', *, *, #3092, .F.);
#4165 = EDGE_LOOP('', (#4161, #4162, #4163, #4164));
#4166 = FACE_BOUND('', #4165, .T.);
#4167 = ADVANCED_FACE('', (#4166), #3460, .F.);
#4168 = ORIENTED_EDGE('', *, *, #3085, .T.);
#4169 = ORIENTED_EDGE('', *, *, #3088, .T.);
#4170 = ORIENTED_EDGE('', *, *, #3090, .T.);
#4171 = ORIENTED_EDGE('', *, *, #3092, .T.);
#4172 = EDGE_LOOP('', (#4168, #4169, #4170, #4171));
#4173 = FACE_BOUND('', #4172, .T.);
#4174 = ADVANCED_FACE('', (#4173), #3464, .T.);
#4175 = ORIENTED_EDGE('', *, *, #3097, .T.);
#4176 = ORIENTED_EDGE('', *, *, #3098, .T.);
#4177 = ORIENTED_EDGE('', *, *, #3099, .F.);
#4178 = ORIENTED_EDGE('', *, *, #3100, .F.);
#4179 = EDGE_LOOP('', (#4175, #4176, #4177, #4178));
#4180 = FACE_BOUND('', #4179, .T.);
#4181 = ADVANCED_FACE('', (#4180), #3468, .T.);
#4182 = ORIENTED_EDGE('', *, *, #3101, .T.);
#4183 = ORIENTED_EDGE('', *, *, #3102, .T.);
#4184 = ORIENTED_EDGE('', *, *, #3103, .F.);
#4185 = ORIENTED_EDGE('', *, *, #3098, .F.);
#4186 = EDGE_LOOP('', (#4182, #4183, #4184, #4185));
#4187 = FACE_BOUND('', #4186, .T.);
#4188 = ADVANCED_FACE('', (#4187), #3472, .T.);
#4189 = ORIENTED_EDGE('', *, *, #3104, .T.);
#4190 = ORIENTED_EDGE('', *, *, #3105, .T.);
#4191 = ORIENTED_EDGE('', *, *, #3106, .F.);
#4192 = ORIENTED_EDGE('', *, *, #3102, .F.);
#4193 = EDGE_LOOP('', (#4189, #4190, #4191, #4192));
#4194 = FACE_BOUND('', #4193, .T.);
#4195 = ADVANCED_FACE('', (#4194), #3476, .T.);
#4196 = ORIENTED_EDGE('', *, *, #3107, .T.);
#4197 = ORIENTED_EDGE('', *, *, #3100, .T.);
#4198 = ORIENTED_EDGE('', *, *, #3108, .F.);
#4199 = ORIENTED_EDGE('', *, *, #3105, .F.);
#4200 = EDGE_LOOP('', (#4196, #4197, #4198, #4199));
#4201 = FACE_BOUND('', #4200, .T.);
#4202 = ADVANCED_FACE('', (#4201), #3480, .T.);
#4203 = ORIENTED_EDGE('', *, *, #3099, .T.);
#4204 = ORIENTED_EDGE('', *, *, #3103, .T.);
#4205 = ORIENTED_EDGE('', *, *, #3106, .T.);
#4206 = ORIENTED_EDGE('', *, *, #3108, .T.);
#4207 = ORIENTED_EDGE('', *, *, #3125, .F.);
#4208 = ORIENTED_EDGE('', *, *, #3126, .T.);
#4209 = ORIENTED_EDGE('', *, *, #3127, .T.);
#4210 = ORIENTED_EDGE('', *, *, #3128, .F.);
#4211 = ORIENTED_EDGE('', *, *, #3145, .F.);
#4212 = ORIENTED_EDGE('', *, *, #3146, .T.);
#4213 = ORIENTED_EDGE('', *, *, #3147, .T.);
#4214 = ORIENTED_EDGE('', *, *, #3148, .F.);
#4215 = EDGE_LOOP('', (#4203, #4204, #4205, #4206));
#4216 = FACE_BOUND('', #4215, .T.);
#4217 = EDGE_LOOP('', (#4207, #4208, #4209, #4210));
#4218 = FACE_BOUND('', #4217, .T.);
#4219 = EDGE_LOOP('', (#4211, #4212, #4213, #4214));
#4220 = FACE_BOUND('', #4219, .T.);
#4221 = ADVANCED_FACE('', (#4216, #4218, #4220), #3484, .T.);
#4222 = ORIENTED_EDGE('', *, *, #3109, .T.);
#4223 = ORIENTED_EDGE('', *, *, #3110, .T.);
#4224 = ORIENTED_EDGE('', *, *, #3111, .F.);
#4225 = ORIENTED_EDGE('', *, *, #3112, .F.);
#4226 = EDGE_LOOP('', (#4222, #4223, #4224, #4225));
#4227 = FACE_BOUND('', #4226, .T.);
#4228 = ADVANCED_FACE('', (#4227), #3488, .T.);
#4229 = ORIENTED_EDGE('', *, *, #3113, .T.);
#4230 = ORIENTED_EDGE('', *, *, #3114, .T.);
#4231 = ORIENTED_EDGE('', *, *, #3115, .F.);
#4232 = ORIENTED_EDGE('', *, *, #3110, .F.);
#4233 = EDGE_LOOP('', (#4229, #4230, #4231, #4232));
#4234 = FACE_BOUND('', #4233, .T.);
#4235 = ADVANCED_FACE('', (#4234), #3492, .T.);
#4236 = ORIENTED_EDGE('', *, *, #3116, .T.);
#4237 = ORIENTED_EDGE('', *, *, #3117, .T.);
#4238 = ORIENTED_EDGE('', *, *, #3118, .F.);
#4239 = ORIENTED_EDGE('', *, *, #3114, .F.);
#4240 = EDGE_LOOP('', (#4236, #4237, #4238, #4239));
#4241 = FACE_BOUND('', #4240, .T.);
#4242 = ADVANCED_FACE('', (#4241), #3496, .T.);
#4243 = ORIENTED_EDGE('', *, *, #3119, .T.);
#4244 = ORIENTED_EDGE('', *, *, #3112, .T.);
#4245 = ORIENTED_EDGE('', *, *, #3120, .F.);
#4246 = ORIENTED_EDGE('', *, *, #3117, .F.);
#4247 = EDGE_LOOP('', (#4243, #4244, #4245, #4246));
#4248 = FACE_BOUND('', #4247, .T.);
#4249 = ADVANCED_FACE('', (#4248), #3500, .T.);
#4250 = ORIENTED_EDGE('', *, *, #3119, .F.);
#4251 = ORIENTED_EDGE('', *, *, #3116, .F.);
#4252 = ORIENTED_EDGE('', *, *, #3113, .F.);
#4253 = ORIENTED_EDGE('', *, *, #3109, .F.);
#4254 = ORIENTED_EDGE('', *, *, #3138, .T.);
#4255 = ORIENTED_EDGE('', *, *, #3137, .F.);
#4256 = ORIENTED_EDGE('', *, *, #3136, .F.);
#4257 = ORIENTED_EDGE('', *, *, #3135, .T.);
#4258 = ORIENTED_EDGE('', *, *, #3158, .T.);
#4259 = ORIENTED_EDGE('', *, *, #3157, .F.);
#4260 = ORIENTED_EDGE('', *, *, #3156, .F.);
#4261 = ORIENTED_EDGE('', *, *, #3155, .T.);
#4262 = EDGE_LOOP('', (#4250, #4251, #4252, #4253));
#4263 = FACE_BOUND('', #4262, .T.);
#4264 = EDGE_LOOP('', (#4254, #4255, #4256, #4257));
#4265 = FACE_BOUND('', #4264, .T.);
#4266 = EDGE_LOOP('', (#4258, #4259, #4260, #4261));
#4267 = FACE_BOUND('', #4266, .T.);
#4268 = ADVANCED_FACE('', (#4263, #4265, #4267), #3504, .F.);
#4269 = ORIENTED_EDGE('', *, *, #3124, .F.);
#4270 = ORIENTED_EDGE('', *, *, #3121, .F.);
#4271 = ORIENTED_EDGE('', *, *, #3130, .T.);
#4272 = ORIENTED_EDGE('', *, *, #3125, .T.);
#4273 = ORIENTED_EDGE('', *, *, #3128, .T.);
#4274 = ORIENTED_EDGE('', *, *, #3129, .F.);
#4275 = EDGE_LOOP('', (#4269, #4270, #4271, #4272, #4273, #4274));
#4276 = FACE_BOUND('', #4275, .T.);
#4277 = ADVANCED_FACE('', (#4276), #3509, .F.);
#4278 = ORIENTED_EDGE('', *, *, #3127, .F.);
#4279 = ORIENTED_EDGE('', *, *, #3126, .F.);
#4280 = ORIENTED_EDGE('', *, *, #3130, .F.);
#4281 = ORIENTED_EDGE('', *, *, #3122, .T.);
#4282 = ORIENTED_EDGE('', *, *, #3123, .T.);
#4283 = ORIENTED_EDGE('', *, *, #3129, .T.);
#4284 = EDGE_LOOP('', (#4278, #4279, #4280, #4281, #4282, #4283));
#4285 = FACE_BOUND('', #4284, .T.);
#4286 = ADVANCED_FACE('', (#4285), #3509, .F.);
#4287 = ORIENTED_EDGE('', *, *, #3138, .F.);
#4288 = ORIENTED_EDGE('', *, *, #3135, .F.);
#4289 = ORIENTED_EDGE('', *, *, #3140, .T.);
#4290 = ORIENTED_EDGE('', *, *, #3131, .T.);
#4291 = ORIENTED_EDGE('', *, *, #3134, .T.);
#4292 = ORIENTED_EDGE('', *, *, #3139, .F.);
#4293 = EDGE_LOOP('', (#4287, #4288, #4289, #4290, #4291, #4292));
#4294 = FACE_BOUND('', #4293, .T.);
#4295 = ADVANCED_FACE('', (#4294), #3514, .F.);
#4296 = ORIENTED_EDGE('', *, *, #3133, .F.);
#4297 = ORIENTED_EDGE('', *, *, #3132, .F.);
#4298 = ORIENTED_EDGE('', *, *, #3140, .F.);
#4299 = ORIENTED_EDGE('', *, *, #3136, .T.);
#4300 = ORIENTED_EDGE('', *, *, #3137, .T.);
#4301 = ORIENTED_EDGE('', *, *, #3139, .T.);
#4302 = EDGE_LOOP('', (#4296, #4297, #4298, #4299, #4300, #4301));
#4303 = FACE_BOUND('', #4302, .T.);
#4304 = ADVANCED_FACE('', (#4303), #3514, .F.);
#4305 = ORIENTED_EDGE('', *, *, #3144, .F.);
#4306 = ORIENTED_EDGE('', *, *, #3141, .F.);
#4307 = ORIENTED_EDGE('', *, *, #3150, .T.);
#4308 = ORIENTED_EDGE('', *, *, #3145, .T.);
#4309 = ORIENTED_EDGE('', *, *, #3148, .T.);
#4310 = ORIENTED_EDGE('', *, *, #3149, .F.);
#4311 = EDGE_LOOP('', (#4305, #4306, #4307, #4308, #4309, #4310));
#4312 = FACE_BOUND('', #4311, .T.);
#4313 = ADVANCED_FACE('', (#4312), #3519, .F.);
#4314 = ORIENTED_EDGE('', *, *, #3147, .F.);
#4315 = ORIENTED_EDGE('', *, *, #3146, .F.);
#4316 = ORIENTED_EDGE('', *, *, #3150, .F.);
#4317 = ORIENTED_EDGE('', *, *, #3142, .T.);
#4318 = ORIENTED_EDGE('', *, *, #3143, .T.);
#4319 = ORIENTED_EDGE('', *, *, #3149, .T.);
#4320 = EDGE_LOOP('', (#4314, #4315, #4316, #4317, #4318, #4319));
#4321 = FACE_BOUND('', #4320, .T.);
#4322 = ADVANCED_FACE('', (#4321), #3519, .F.);
#4323 = ORIENTED_EDGE('', *, *, #3158, .F.);
#4324 = ORIENTED_EDGE('', *, *, #3155, .F.);
#4325 = ORIENTED_EDGE('', *, *, #3160, .T.);
#4326 = ORIENTED_EDGE('', *, *, #3151, .T.);
#4327 = ORIENTED_EDGE('', *, *, #3154, .T.);
#4328 = ORIENTED_EDGE('', *, *, #3159, .F.);
#4329 = EDGE_LOOP('', (#4323, #4324, #4325, #4326, #4327, #4328));
#4330 = FACE_BOUND('', #4329, .T.);
#4331 = ADVANCED_FACE('', (#4330), #3524, .F.);
#4332 = ORIENTED_EDGE('', *, *, #3153, .F.);
#4333 = ORIENTED_EDGE('', *, *, #3152, .F.);
#4334 = ORIENTED_EDGE('', *, *, #3160, .F.);
#4335 = ORIENTED_EDGE('', *, *, #3156, .T.);
#4336 = ORIENTED_EDGE('', *, *, #3157, .T.);
#4337 = ORIENTED_EDGE('', *, *, #3159, .T.);
#4338 = EDGE_LOOP('', (#4332, #4333, #4334, #4335, #4336, #4337));
#4339 = FACE_BOUND('', #4338, .T.);
#4340 = ADVANCED_FACE('', (#4339), #3524, .F.);
#4341 = ORIENTED_EDGE('', *, *, #3167, .F.);
#4342 = ORIENTED_EDGE('', *, *, #3165, .F.);
#4343 = ORIENTED_EDGE('', *, *, #3163, .F.);
#4344 = ORIENTED_EDGE('', *, *, #3161, .F.);
#4345 = ORIENTED_EDGE('', *, *, #3172, .T.);
#4346 = ORIENTED_EDGE('', *, *, #3174, .T.);
#4347 = ORIENTED_EDGE('', *, *, #3176, .T.);
#4348 = ORIENTED_EDGE('', *, *, #3169, .T.);
#4349 = EDGE_LOOP('', (#4341, #4342, #4343, #4344));
#4350 = FACE_BOUND('', #4349, .T.);
#4351 = EDGE_LOOP('', (#4345, #4346, #4347, #4348));
#4352 = FACE_BOUND('', #4351, .T.);
#4353 = ADVANCED_FACE('', (#4350, #4352), #3528, .F.);
#4354 = ORIENTED_EDGE('', *, *, #3162, .T.);
#4355 = ORIENTED_EDGE('', *, *, #3164, .T.);
#4356 = ORIENTED_EDGE('', *, *, #3166, .T.);
#4357 = ORIENTED_EDGE('', *, *, #3168, .T.);
#4358 = ORIENTED_EDGE('', *, *, #3177, .F.);
#4359 = ORIENTED_EDGE('', *, *, #3180, .F.);
#4360 = ORIENTED_EDGE('', *, *, #3179, .F.);
#4361 = ORIENTED_EDGE('', *, *, #3178, .F.);
#4362 = EDGE_LOOP('', (#4354, #4355, #4356, #4357));
#4363 = FACE_BOUND('', #4362, .T.);
#4364 = EDGE_LOOP('', (#4358, #4359, #4360, #4361));
#4365 = FACE_BOUND('', #4364, .T.);
#4366 = ADVANCED_FACE('', (#4363, #4365), #3532, .T.);
#4367 = ORIENTED_EDGE('', *, *, #3171, .T.);
#4368 = ORIENTED_EDGE('', *, *, #3177, .T.);
#4369 = ORIENTED_EDGE('', *, *, #3170, .F.);
#4370 = ORIENTED_EDGE('', *, *, #3169, .F.);
#4371 = EDGE_LOOP('', (#4367, #4368, #4369, #4370));
#4372 = FACE_BOUND('', #4371, .T.);
#4373 = ADVANCED_FACE('', (#4372), #3536, .F.);
#4374 = ORIENTED_EDGE('', *, *, #3170, .T.);
#4375 = ORIENTED_EDGE('', *, *, #3178, .T.);
#4376 = ORIENTED_EDGE('', *, *, #3173, .F.);
#4377 = ORIENTED_EDGE('', *, *, #3172, .F.);
#4378 = EDGE_LOOP('', (#4374, #4375, #4376, #4377));
#4379 = FACE_BOUND('', #4378, .T.);
#4380 = ADVANCED_FACE('', (#4379), #3540, .F.);
#4381 = ORIENTED_EDGE('', *, *, #3173, .T.);
#4382 = ORIENTED_EDGE('', *, *, #3179, .T.);
#4383 = ORIENTED_EDGE('', *, *, #3175, .F.);
#4384 = ORIENTED_EDGE('', *, *, #3174, .F.);
#4385 = EDGE_LOOP('', (#4381, #4382, #4383, #4384));
#4386 = FACE_BOUND('', #4385, .T.);
#4387 = ADVANCED_FACE('', (#4386), #3544, .F.);
#4388 = ORIENTED_EDGE('', *, *, #3175, .T.);
#4389 = ORIENTED_EDGE('', *, *, #3180, .T.);
#4390 = ORIENTED_EDGE('', *, *, #3171, .F.);
#4391 = ORIENTED_EDGE('', *, *, #3176, .F.);
#4392 = EDGE_LOOP('', (#4388, #4389, #4390, #4391));
#4393 = FACE_BOUND('', #4392, .T.);
#4394 = ADVANCED_FACE('', (#4393), #3548, .F.);
#4395 = ORIENTED_EDGE('', *, *, #3162, .F.);
#4396 = ORIENTED_EDGE('', *, *, #3184, .T.);
#4397 = ORIENTED_EDGE('', *, *, #3015, .T.);
#4398 = ORIENTED_EDGE('', *, *, #3181, .F.);
#4399 = EDGE_LOOP('', (#4395, #4396, #4397, #4398));
#4400 = FACE_BOUND('', #4399, .T.);
#4401 = ADVANCED_FACE('', (#4400), #3356, .F.);
#4402 = ORIENTED_EDGE('', *, *, #3164, .F.);
#4403 = ORIENTED_EDGE('', *, *, #3181, .T.);
#4404 = ORIENTED_EDGE('', *, *, #3019, .T.);
#4405 = ORIENTED_EDGE('', *, *, #3182, .F.);
#4406 = EDGE_LOOP('', (#4402, #4403, #4404, #4405));
#4407 = FACE_BOUND('', #4406, .T.);
#4408 = ADVANCED_FACE('', (#4407), #3360, .F.);
#4409 = ORIENTED_EDGE('', *, *, #3166, .F.);
#4410 = ORIENTED_EDGE('', *, *, #3182, .T.);
#4411 = ORIENTED_EDGE('', *, *, #3022, .T.);
#4412 = ORIENTED_EDGE('', *, *, #3183, .F.);
#4413 = EDGE_LOOP('', (#4409, #4410, #4411, #4412));
#4414 = FACE_BOUND('', #4413, .T.);
#4415 = ADVANCED_FACE('', (#4414), #3364, .F.);
#4416 = ORIENTED_EDGE('', *, *, #3168, .F.);
#4417 = ORIENTED_EDGE('', *, *, #3183, .T.);
#4418 = ORIENTED_EDGE('', *, *, #3024, .T.);
#4419 = ORIENTED_EDGE('', *, *, #3184, .F.);
#4420 = EDGE_LOOP('', (#4416, #4417, #4418, #4419));
#4421 = FACE_BOUND('', #4420, .T.);
#4422 = ADVANCED_FACE('', (#4421), #3368, .F.);
#4423 = ORIENTED_EDGE('', *, *, #3185, .T.);
#4424 = ORIENTED_EDGE('', *, *, #3186, .T.);
#4425 = ORIENTED_EDGE('', *, *, #3187, .F.);
#4426 = ORIENTED_EDGE('', *, *, #3188, .F.);
#4427 = EDGE_LOOP('', (#4423, #4424, #4425, #4426));
#4428 = FACE_BOUND('', #4427, .T.);
#4429 = ADVANCED_FACE('', (#4428), #3552, .T.);
#4430 = ORIENTED_EDGE('', *, *, #3189, .T.);
#4431 = ORIENTED_EDGE('', *, *, #3190, .T.);
#4432 = ORIENTED_EDGE('', *, *, #3191, .F.);
#4433 = ORIENTED_EDGE('', *, *, #3186, .F.);
#4434 = EDGE_LOOP('', (#4430, #4431, #4432, #4433));
#4435 = FACE_BOUND('', #4434, .T.);
#4436 = ADVANCED_FACE('', (#4435), #3556, .T.);
#4437 = ORIENTED_EDGE('', *, *, #3192, .T.);
#4438 = ORIENTED_EDGE('', *, *, #3193, .T.);
#4439 = ORIENTED_EDGE('', *, *, #3194, .F.);
#4440 = ORIENTED_EDGE('', *, *, #3190, .F.);
#4441 = EDGE_LOOP('', (#4437, #4438, #4439, #4440));
#4442 = FACE_BOUND('', #4441, .T.);
#4443 = ADVANCED_FACE('', (#4442), #3560, .T.);
#4444 = ORIENTED_EDGE('', *, *, #3195, .T.);
#4445 = ORIENTED_EDGE('', *, *, #3188, .T.);
#4446 = ORIENTED_EDGE('', *, *, #3196, .F.);
#4447 = ORIENTED_EDGE('', *, *, #3193, .F.);
#4448 = EDGE_LOOP('', (#4444, #4445, #4446, #4447));
#4449 = FACE_BOUND('', #4448, .T.);
#4450 = ADVANCED_FACE('', (#4449), #3564, .T.);
#4451 = ORIENTED_EDGE('', *, *, #3195, .F.);
#4452 = ORIENTED_EDGE('', *, *, #3192, .F.);
#4453 = ORIENTED_EDGE('', *, *, #3189, .F.);
#4454 = ORIENTED_EDGE('', *, *, #3185, .F.);
#4455 = ORIENTED_EDGE('', *, *, #3203, .T.);
#4456 = ORIENTED_EDGE('', *, *, #3206, .T.);
#4457 = ORIENTED_EDGE('', *, *, #3208, .T.);
#4458 = ORIENTED_EDGE('', *, *, #3199, .T.);
#4459 = EDGE_LOOP('', (#4451, #4452, #4453, #4454));
#4460 = FACE_BOUND('', #4459, .T.);
#4461 = EDGE_LOOP('', (#4455, #4456, #4457, #4458));
#4462 = FACE_BOUND('', #4461, .T.);
#4463 = ADVANCED_FACE('', (#4460, #4462), #3568, .F.);
#4464 = ORIENTED_EDGE('', *, *, #3187, .T.);
#4465 = ORIENTED_EDGE('', *, *, #3191, .T.);
#4466 = ORIENTED_EDGE('', *, *, #3194, .T.);
#4467 = ORIENTED_EDGE('', *, *, #3196, .T.);
#4468 = EDGE_LOOP('', (#4464, #4465, #4466, #4467));
#4469 = FACE_BOUND('', #4468, .T.);
#4470 = ADVANCED_FACE('', (#4469), #3572, .T.);
#4471 = ORIENTED_EDGE('', *, *, #3197, .T.);
#4472 = ORIENTED_EDGE('', *, *, #3198, .T.);
#4473 = ORIENTED_EDGE('', *, *, #3199, .F.);
#4474 = ORIENTED_EDGE('', *, *, #3200, .F.);
#4475 = EDGE_LOOP('', (#4471, #4472, #4473, #4474));
#4476 = FACE_BOUND('', #4475, .T.);
#4477 = ADVANCED_FACE('', (#4476), #3576, .T.);
#4478 = ORIENTED_EDGE('', *, *, #3201, .T.);
#4479 = ORIENTED_EDGE('', *, *, #3202, .T.);
#4480 = ORIENTED_EDGE('', *, *, #3203, .F.);
#4481 = ORIENTED_EDGE('', *, *, #3198, .F.);
#4482 = EDGE_LOOP('', (#4478, #4479, #4480, #4481));
#4483 = FACE_BOUND('', #4482, .T.);
#4484 = ADVANCED_FACE('', (#4483), #3580, .T.);
#4485 = ORIENTED_EDGE('', *, *, #3204, .T.);
#4486 = ORIENTED_EDGE('', *, *, #3205, .T.);
#4487 = ORIENTED_EDGE('', *, *, #3206, .F.);
#4488 = ORIENTED_EDGE('', *, *, #3202, .F.);
#4489 = EDGE_LOOP('', (#4485, #4486, #4487, #4488));
#4490 = FACE_BOUND('', #4489, .T.);
#4491 = ADVANCED_FACE('', (#4490), #3584, .T.);
#4492 = ORIENTED_EDGE('', *, *, #3207, .T.);
#4493 = ORIENTED_EDGE('', *, *, #3200, .T.);
#4494 = ORIENTED_EDGE('', *, *, #3208, .F.);
#4495 = ORIENTED_EDGE('', *, *, #3205, .F.);
#4496 = EDGE_LOOP('', (#4492, #4493, #4494, #4495));
#4497 = FACE_BOUND('', #4496, .T.);
#4498 = ADVANCED_FACE('', (#4497), #3588, .T.);
#4499 = ORIENTED_EDGE('', *, *, #3207, .F.);
#4500 = ORIENTED_EDGE('', *, *, #3204, .F.);
#4501 = ORIENTED_EDGE('', *, *, #3201, .F.);
#4502 = ORIENTED_EDGE('', *, *, #3197, .F.);
#4503 = ORIENTED_EDGE('', *, *, #3214, .T.);
#4504 = ORIENTED_EDGE('', *, *, #3215, .T.);
#4505 = ORIENTED_EDGE('', *, *, #3216, .T.);
#4506 = ORIENTED_EDGE('', *, *, #3213, .T.);
#4507 = EDGE_LOOP('', (#4499, #4500, #4501, #4502));
#4508 = FACE_BOUND('', #4507, .T.);
#4509 = EDGE_LOOP('', (#4503, #4504, #4505, #4506));
#4510 = FACE_BOUND('', #4509, .T.);
#4511 = ADVANCED_FACE('', (#4508, #4510), #3592, .F.);
#4512 = ORIENTED_EDGE('', *, *, #3216, .F.);
#4513 = ORIENTED_EDGE('', *, *, #3217, .T.);
#4514 = ORIENTED_EDGE('', *, *, #3212, .T.);
#4515 = ORIENTED_EDGE('', *, *, #3220, .F.);
#4516 = EDGE_LOOP('', (#4512, #4513, #4514, #4515));
#4517 = FACE_BOUND('', #4516, .T.);
#4518 = ADVANCED_FACE('', (#4517), #3596, .F.);
#4519 = ORIENTED_EDGE('', *, *, #3215, .F.);
#4520 = ORIENTED_EDGE('', *, *, #3218, .T.);
#4521 = ORIENTED_EDGE('', *, *, #3211, .T.);
#4522 = ORIENTED_EDGE('', *, *, #3217, .F.);
#4523 = EDGE_LOOP('', (#4519, #4520, #4521, #4522));
#4524 = FACE_BOUND('', #4523, .T.);
#4525 = ADVANCED_FACE('', (#4524), #3600, .F.);
#4526 = ORIENTED_EDGE('', *, *, #3214, .F.);
#4527 = ORIENTED_EDGE('', *, *, #3219, .T.);
#4528 = ORIENTED_EDGE('', *, *, #3210, .T.);
#4529 = ORIENTED_EDGE('', *, *, #3218, .F.);
#4530 = EDGE_LOOP('', (#4526, #4527, #4528, #4529));
#4531 = FACE_BOUND('', #4530, .T.);
#4532 = ADVANCED_FACE('', (#4531), #3604, .F.);
#4533 = ORIENTED_EDGE('', *, *, #3213, .F.);
#4534 = ORIENTED_EDGE('', *, *, #3220, .T.);
#4535 = ORIENTED_EDGE('', *, *, #3209, .T.);
#4536 = ORIENTED_EDGE('', *, *, #3219, .F.);
#4537 = EDGE_LOOP('', (#4533, #4534, #4535, #4536));
#4538 = FACE_BOUND('', #4537, .T.);
#4539 = ADVANCED_FACE('', (#4538), #3608, .F.);
#4540 = ORIENTED_EDGE('', *, *, #3211, .F.);
#4541 = ORIENTED_EDGE('', *, *, #3210, .F.);
#4542 = ORIENTED_EDGE('', *, *, #3209, .F.);
#4543 = ORIENTED_EDGE('', *, *, #3212, .F.);
#4544 = EDGE_LOOP('', (#4540, #4541, #4542, #4543));
#4545 = FACE_BOUND('', #4544, .T.);
#4546 = ADVANCED_FACE('', (#4545), #3568, .F.);
#4547 = ORIENTED_EDGE('', *, *, #3221, .T.);
#4548 = ORIENTED_EDGE('', *, *, #3222, .T.);
#4549 = ORIENTED_EDGE('', *, *, #3223, .F.);
#4550 = ORIENTED_EDGE('', *, *, #3224, .F.);
#4551 = EDGE_LOOP('', (#4547, #4548, #4549, #4550));
#4552 = FACE_BOUND('', #4551, .T.);
#4553 = ADVANCED_FACE('', (#4552), #3612, .T.);
#4554 = ORIENTED_EDGE('', *, *, #3225, .T.);
#4555 = ORIENTED_EDGE('', *, *, #3226, .T.);
#4556 = ORIENTED_EDGE('', *, *, #3227, .F.);
#4557 = ORIENTED_EDGE('', *, *, #3222, .F.);
#4558 = EDGE_LOOP('', (#4554, #4555, #4556, #4557));
#4559 = FACE_BOUND('', #4558, .T.);
#4560 = ADVANCED_FACE('', (#4559), #3616, .T.);
#4561 = ORIENTED_EDGE('', *, *, #3228, .T.);
#4562 = ORIENTED_EDGE('', *, *, #3229, .T.);
#4563 = ORIENTED_EDGE('', *, *, #3230, .F.);
#4564 = ORIENTED_EDGE('', *, *, #3226, .F.);
#4565 = EDGE_LOOP('', (#4561, #4562, #4563, #4564));
#4566 = FACE_BOUND('', #4565, .T.);
#4567 = ADVANCED_FACE('', (#4566), #3620, .T.);
#4568 = ORIENTED_EDGE('', *, *, #3231, .T.);
#4569 = ORIENTED_EDGE('', *, *, #3224, .T.);
#4570 = ORIENTED_EDGE('', *, *, #3232, .F.);
#4571 = ORIENTED_EDGE('', *, *, #3229, .F.);
#4572 = EDGE_LOOP('', (#4568, #4569, #4570, #4571));
#4573 = FACE_BOUND('', #4572, .T.);
#4574 = ADVANCED_FACE('', (#4573), #3624, .T.);
#4575 = ORIENTED_EDGE('', *, *, #3231, .F.);
#4576 = ORIENTED_EDGE('', *, *, #3228, .F.);
#4577 = ORIENTED_EDGE('', *, *, #3225, .F.);
#4578 = ORIENTED_EDGE('', *, *, #3221, .F.);
#4579 = EDGE_LOOP('', (#4575, #4576, #4577, #4578));
#4580 = FACE_BOUND('', #4579, .T.);
#4581 = ADVANCED_FACE('', (#4580), #3628, .F.);
#4582 = ORIENTED_EDGE('', *, *, #3223, .T.);
#4583 = ORIENTED_EDGE('', *, *, #3227, .T.);
#4584 = ORIENTED_EDGE('', *, *, #3230, .T.);
#4585 = ORIENTED_EDGE('', *, *, #3232, .T.);
#4586 = EDGE_LOOP('', (#4582, #4583, #4584, #4585));
#4587 = FACE_BOUND('', #4586, .T.);
#4588 = ADVANCED_FACE('', (#4587), #3632, .T.);
#4589 = ORIENTED_EDGE('', *, *, #3233, .T.);
#4590 = ORIENTED_EDGE('', *, *, #3234, .T.);
#4591 = ORIENTED_EDGE('', *, *, #3235, .F.);
#4592 = ORIENTED_EDGE('', *, *, #3236, .F.);
#4593 = EDGE_LOOP('', (#4589, #4590, #4591, #4592));
#4594 = FACE_BOUND('', #4593, .T.);
#4595 = ADVANCED_FACE('', (#4594), #3636, .T.);
#4596 = ORIENTED_EDGE('', *, *, #3237, .T.);
#4597 = ORIENTED_EDGE('', *, *, #3238, .T.);
#4598 = ORIENTED_EDGE('', *, *, #3239, .F.);
#4599 = ORIENTED_EDGE('', *, *, #3234, .F.);
#4600 = EDGE_LOOP('', (#4596, #4597, #4598, #4599));
#4601 = FACE_BOUND('', #4600, .T.);
#4602 = ADVANCED_FACE('', (#4601), #3640, .T.);
#4603 = ORIENTED_EDGE('', *, *, #3240, .T.);
#4604 = ORIENTED_EDGE('', *, *, #3241, .T.);
#4605 = ORIENTED_EDGE('', *, *, #3242, .F.);
#4606 = ORIENTED_EDGE('', *, *, #3238, .F.);
#4607 = EDGE_LOOP('', (#4603, #4604, #4605, #4606));
#4608 = FACE_BOUND('', #4607, .T.);
#4609 = ADVANCED_FACE('', (#4608), #3644, .T.);
#4610 = ORIENTED_EDGE('', *, *, #3243, .T.);
#4611 = ORIENTED_EDGE('', *, *, #3236, .T.);
#4612 = ORIENTED_EDGE('', *, *, #3244, .F.);
#4613 = ORIENTED_EDGE('', *, *, #3241, .F.);
#4614 = EDGE_LOOP('', (#4610, #4611, #4612, #4613));
#4615 = FACE_BOUND('', #4614, .T.);
#4616 = ADVANCED_FACE('', (#4615), #3648, .T.);
#4617 = ORIENTED_EDGE('', *, *, #3243, .F.);
#4618 = ORIENTED_EDGE('', *, *, #3240, .F.);
#4619 = ORIENTED_EDGE('', *, *, #3237, .F.);
#4620 = ORIENTED_EDGE('', *, *, #3233, .F.);
#4621 = EDGE_LOOP('', (#4617, #4618, #4619, #4620));
#4622 = FACE_BOUND('', #4621, .T.);
#4623 = ADVANCED_FACE('', (#4622), #3652, .F.);
#4624 = ORIENTED_EDGE('', *, *, #3235, .T.);
#4625 = ORIENTED_EDGE('', *, *, #3239, .T.);
#4626 = ORIENTED_EDGE('', *, *, #3242, .T.);
#4627 = ORIENTED_EDGE('', *, *, #3244, .T.);
#4628 = EDGE_LOOP('', (#4624, #4625, #4626, #4627));
#4629 = FACE_BOUND('', #4628, .T.);
#4630 = ADVANCED_FACE('', (#4629), #3656, .T.);
#4631 = ORIENTED_EDGE('', *, *, #3245, .T.);
#4632 = ORIENTED_EDGE('', *, *, #3246, .T.);
#4633 = ORIENTED_EDGE('', *, *, #3247, .F.);
#4634 = ORIENTED_EDGE('', *, *, #3248, .F.);
#4635 = EDGE_LOOP('', (#4631, #4632, #4633, #4634));
#4636 = FACE_BOUND('', #4635, .T.);
#4637 = ADVANCED_FACE('', (#4636), #3660, .T.);
#4638 = ORIENTED_EDGE('', *, *, #3249, .T.);
#4639 = ORIENTED_EDGE('', *, *, #3250, .T.);
#4640 = ORIENTED_EDGE('', *, *, #3251, .F.);
#4641 = ORIENTED_EDGE('', *, *, #3246, .F.);
#4642 = EDGE_LOOP('', (#4638, #4639, #4640, #4641));
#4643 = FACE_BOUND('', #4642, .T.);
#4644 = ADVANCED_FACE('', (#4643), #3664, .T.);
#4645 = ORIENTED_EDGE('', *, *, #3252, .T.);
#4646 = ORIENTED_EDGE('', *, *, #3253, .T.);
#4647 = ORIENTED_EDGE('', *, *, #3254, .F.);
#4648 = ORIENTED_EDGE('', *, *, #3250, .F.);
#4649 = EDGE_LOOP('', (#4645, #4646, #4647, #4648));
#4650 = FACE_BOUND('', #4649, .T.);
#4651 = ADVANCED_FACE('', (#4650), #3668, .T.);
#4652 = ORIENTED_EDGE('', *, *, #3255, .T.);
#4653 = ORIENTED_EDGE('', *, *, #3248, .T.);
#4654 = ORIENTED_EDGE('', *, *, #3256, .F.);
#4655 = ORIENTED_EDGE('', *, *, #3253, .F.);
#4656 = EDGE_LOOP('', (#4652, #4653, #4654, #4655));
#4657 = FACE_BOUND('', #4656, .T.);
#4658 = ADVANCED_FACE('', (#4657), #3672, .T.);
#4659 = ORIENTED_EDGE('', *, *, #3255, .F.);
#4660 = ORIENTED_EDGE('', *, *, #3252, .F.);
#4661 = ORIENTED_EDGE('', *, *, #3249, .F.);
#4662 = ORIENTED_EDGE('', *, *, #3245, .F.);
#4663 = EDGE_LOOP('', (#4659, #4660, #4661, #4662));
#4664 = FACE_BOUND('', #4663, .T.);
#4665 = ADVANCED_FACE('', (#4664), #3676, .F.);
#4666 = ORIENTED_EDGE('', *, *, #3247, .T.);
#4667 = ORIENTED_EDGE('', *, *, #3251, .T.);
#4668 = ORIENTED_EDGE('', *, *, #3254, .T.);
#4669 = ORIENTED_EDGE('', *, *, #3256, .T.);
#4670 = EDGE_LOOP('', (#4666, #4667, #4668, #4669));
#4671 = FACE_BOUND('', #4670, .T.);
#4672 = ADVANCED_FACE('', (#4671), #3680, .T.);
#4673 = ORIENTED_EDGE('', *, *, #3257, .T.);
#4674 = ORIENTED_EDGE('', *, *, #3258, .T.);
#4675 = ORIENTED_EDGE('', *, *, #3259, .F.);
#4676 = ORIENTED_EDGE('', *, *, #3260, .F.);
#4677 = EDGE_LOOP('', (#4673, #4674, #4675, #4676));
#4678 = FACE_BOUND('', #4677, .T.);
#4679 = ADVANCED_FACE('', (#4678), #3684, .T.);
#4680 = ORIENTED_EDGE('', *, *, #3261, .T.);
#4681 = ORIENTED_EDGE('', *, *, #3262, .T.);
#4682 = ORIENTED_EDGE('', *, *, #3263, .F.);
#4683 = ORIENTED_EDGE('', *, *, #3258, .F.);
#4684 = EDGE_LOOP('', (#4680, #4681, #4682, #4683));
#4685 = FACE_BOUND('', #4684, .T.);
#4686 = ADVANCED_FACE('', (#4685), #3688, .T.);
#4687 = ORIENTED_EDGE('', *, *, #3264, .T.);
#4688 = ORIENTED_EDGE('', *, *, #3265, .T.);
#4689 = ORIENTED_EDGE('', *, *, #3266, .F.);
#4690 = ORIENTED_EDGE('', *, *, #3262, .F.);
#4691 = EDGE_LOOP('', (#4687, #4688, #4689, #4690));
#4692 = FACE_BOUND('', #4691, .T.);
#4693 = ADVANCED_FACE('', (#4692), #3692, .T.);
#4694 = ORIENTED_EDGE('', *, *, #3267, .T.);
#4695 = ORIENTED_EDGE('', *, *, #3260, .T.);
#4696 = ORIENTED_EDGE('', *, *, #3268, .F.);
#4697 = ORIENTED_EDGE('', *, *, #3265, .F.);
#4698 = EDGE_LOOP('', (#4694, #4695, #4696, #4697));
#4699 = FACE_BOUND('', #4698, .T.);
#4700 = ADVANCED_FACE('', (#4699), #3696, .T.);
#4701 = ORIENTED_EDGE('', *, *, #3267, .F.);
#4702 = ORIENTED_EDGE('', *, *, #3264, .F.);
#4703 = ORIENTED_EDGE('', *, *, #3261, .F.);
#4704 = ORIENTED_EDGE('', *, *, #3257, .F.);
#4705 = EDGE_LOOP('', (#4701, #4702, #4703, #4704));
#4706 = FACE_BOUND('', #4705, .T.);
#4707 = ADVANCED_FACE('', (#4706), #3700, .F.);
#4708 = ORIENTED_EDGE('', *, *, #3259, .T.);
#4709 = ORIENTED_EDGE('', *, *, #3263, .T.);
#4710 = ORIENTED_EDGE('', *, *, #3266, .T.);
#4711 = ORIENTED_EDGE('', *, *, #3268, .T.);
#4712 = EDGE_LOOP('', (#4708, #4709, #4710, #4711));
#4713 = FACE_BOUND('', #4712, .T.);
#4714 = ADVANCED_FACE('', (#4713), #3704, .T.);
#4715 = CLOSED_SHELL('', (#3713, #3722, #3731, #3740, #3749, #3758, #3767, #3776, #3789, #3798, #3811, #3820, #3833, #3842, #3855, #3864, #3871, #3878, #3885, #3892, #3899, #3906, #3913, #3944, #3975, #3982, #4001, #4008, #4027, #4034, #4041, #4048, #4055, #4062, #4069, #4076, #4083, #4090, #4097, #4104, #4111, #4118, #4125, #4132, #4139, #4146, #4153, #4160, #4167, #4174, #4181, #4188, #4195, #4202, #4221, #4228, #4235, #4242, #4249, #4268, #4277, #4286, #4295, #4304, #4313, #4322, #4331, #4340, #4353, #4366, #4373, #4380, #4387, #4394, #4401, #4408, #4415, #4422));
#4716 = CLOSED_SHELL('', (#4429, #4436, #4443, #4450, #4463, #4470, #4477, #4484, #4491, #4498, #4511, #4518, #4525, #4532, #4539, #4546, #4553, #4560, #4567, #4574, #4581, #4588, #4595, #4602, #4609, #4616, #4623, #4630, #4637, #4644, #4651, #4658, #4665, #4672, #4679, #4686, #4693, #4700, #4707, #4714));
#4717 = MANIFOLD_SOLID_BREP('', #4715);
#4718 = MANIFOLD_SOLID_BREP('', #4716);
#4719 = APPLICATION_CONTEXT('configuration controlled 3D design of mechanical parts and assemblies');
#4720 = PRODUCT_DEFINITION_CONTEXT('part definition', #4719, 'design');
#4721 = PRODUCT_CONTEXT('', #4719, 'mechanical');
#4722 = PRODUCT('UNIDENTIFIED_PRODUCT', '', $, (#4721));
#4723 = PRODUCT_DEFINITION_FORMATION('', $, #4722);
#4724 = PRODUCT_DEFINITION('design', $, #4723, #4720);
#4725 = PRODUCT_DEFINITION_SHAPE('', '', #4724);
#4726 = ADVANCED_BREP_SHAPE_REPRESENTATION('', (#4718), #4);
#4727 = SHAPE_DEFINITION_REPRESENTATION(#4725, #4726);
#4728 = COLOUR_RGB('', 0.89999998, 0.89999998, 0.89999998);
#4729 = FILL_AREA_STYLE_COLOUR('', #4728);
#4730 = FILL_AREA_STYLE('', (#4729));
#4731 = SURFACE_STYLE_FILL_AREA(#4730);
#4732 = SURFACE_SIDE_STYLE('', (#4731));
#4733 = SURFACE_STYLE_USAGE(.BOTH., #4732);
#4734 = PRESENTATION_STYLE_ASSIGNMENT((#4733));
#4735 = STYLED_ITEM('', (#4734), #4718);
#4736 = MECHANICAL_DESIGN_GEOMETRIC_PRESENTATION_REPRESENTATION('', (#4735), #4);
#4737 = PRODUCT_CONTEXT('', #4719, 'mechanical');
#4738 = PRODUCT('UNIDENTIFIED_PRODUCT', '', $, (#4737));
#4739 = PRODUCT_DEFINITION_FORMATION('', $, #4738);
#4740 = PRODUCT_DEFINITION('design', $, #4739, #4720);
#4741 = PRODUCT_DEFINITION_SHAPE('', '', #4740);
#4742 = ADVANCED_BREP_SHAPE_REPRESENTATION('', (#4717), #4);
#4743 = SHAPE_DEFINITION_REPRESENTATION(#4741, #4742);
#4744 = COLOUR_RGB('', 0.89999998, 0.89999998, 0.89999998);
#4745 = FILL_AREA_STYLE_COLOUR('', #4744);
#4746 = FILL_AREA_STYLE('', (#4745));
#4747 = SURFACE_STYLE_FILL_AREA(#4746);
#4748 = SURFACE_SIDE_STYLE('', (#4747));
#4749 = SURFACE_STYLE_USAGE(.BOTH., #4748);
#4750 = PRESENTATION_STYLE_ASSIGNMENT((#4749));
#4751 = STYLED_ITEM('', (#4750), #4717);
#4752 = MECHANICAL_DESIGN_GEOMETRIC_PRESENTATION_REPRESENTATION('', (#4751), #4);
ENDSEC;
END-ISO-10303-21;
